-- phpMyAdmin SQL Dump
-- version 4.7.7
-- https://www.phpmyadmin.net/
--
-- Host: 127.0.0.1
-- Erstellungszeit: 20. Jun 2022 um 09:28
-- Server-Version: 10.1.30-MariaDB
-- PHP-Version: 7.2.2
-- V10: Status bei Auftrag und Auftragsposition ergänzt

SET SQL_MODE = "NO_AUTO_VALUE_ON_ZERO";
SET AUTOCOMMIT = 0;
START TRANSACTION;
SET time_zone = "+00:00";


/*!40101 SET @OLD_CHARACTER_SET_CLIENT=@@CHARACTER_SET_CLIENT */;
/*!40101 SET @OLD_CHARACTER_SET_RESULTS=@@CHARACTER_SET_RESULTS */;
/*!40101 SET @OLD_COLLATION_CONNECTION=@@COLLATION_CONNECTION */;
/*!40101 SET NAMES utf8mb4 */;

--
-- Datenbank: `auftragsabwicklungNeu`
--
DROP DATABASE IF EXISTS `auftragsabwicklungNeu`;
CREATE DATABASE IF NOT EXISTS `auftragsabwicklungNeu` DEFAULT CHARACTER SET utf8 COLLATE utf8_swedish_ci;
USE `auftragsabwicklungNeu`;
-- --------------------------------------------------------

--
-- Tabellenstruktur für Tabelle `tblauftraege`
--

CREATE TABLE `tblauftraege` (
  `AuftragsNr` int(11) NOT NULL,
  `Status` ENUM('Geplant', 'Freigegeben', 'in Arbeit', 'Rechnung erstellt', 'Abgeschlossen') DEFAULT 'Geplant',
  `Kilometerstand` int(11) DEFAULT NULL,
  `Fehlerbeschreibung` varchar(100) DEFAULT NULL,
  `tblKunden_KundenID` int(11) DEFAULT NULL,
  `tblFahrzeuge_FahrzeugID` int(11) DEFAULT NULL,
  `Rabatt` decimal(2,2) DEFAULT NULL,
  `Vermerk` varchar(100) DEFAULT NULL
) ENGINE=InnoDB DEFAULT CHARSET=latin1;

--
-- Daten für Tabelle `tblauftraege`
--

INSERT INTO `tblauftraege` (`AuftragsNr`, `Status`, `Kilometerstand`, `Fehlerbeschreibung`, `tblKunden_KundenID`, `tblFahrzeuge_FahrzeugID`, `Rabatt`, `Vermerk`) VALUES
(501, 'Abgeschlossen', 8584, 'Soundsystem defekt, Lackschaden vorne', 72, 72, '0.00', NULL),
(502, 'Abgeschlossen', 20540, 'verliert Bremsflüssigkeit, Soundsystem defekt', 267, 267, '0.05', NULL),
(503, 'Abgeschlossen', 169741, 'Sprung in Frontscheibe, Motor springt nicht an', 182, 182, '0.00', NULL),
(504, 'Abgeschlossen', 182993, 'Reifenwechsel, Ölwechsel', 92, 92, '0.00', NULL),
(505, 'Abgeschlossen', 189317, 'Reifen abgefahren', 102, 102, '0.00', NULL),
(506, 'Abgeschlossen', 175021, 'Tür kaputt, unbekannt', 64, 64, '0.00', NULL),
(507, 'Abgeschlossen', 142265, 'Scheiben austauschen, verliert Bremsflüssigkeit', 295, 295, '0.00', NULL),
(508, 'Abgeschlossen', 75490, 'Licht einstellen, Klimaanlage leckt', 233, 233, '0.05', NULL),
(509, 'Abgeschlossen', 87920, 'Scheiben austauschen, verliert Bremsflüssigkeit', 233, 233, '0.05', NULL),
(510, 'Abgeschlossen', 131282, 'Wasser tritt aus', 43, 43, '0.05', NULL),
(511, 'Rechnung erstellt', 107905, 'Licht einstellen, Reinigung', 68, 68, '0.00', NULL),
(512, 'Rechnung erstellt',68128, 'Auffahrunfall, unbekannt', 189, 189, '0.00', NULL),
(513, 'Rechnung erstellt',171146, 'unbekannt, Batterien austauschen', 118, 118, '0.00', NULL),
(514, 'Abgeschlossen', 89517, 'Lackschaden hinten, Jahresinspektion', 32, 32, '0.00', NULL),
(515, 'Rechnung erstellt',47057, 'Motoröl wechseln, unbekannt', 33, 33, '0.00', NULL),
(516, 'in Arbeit', 68232, 'Reifen abgefahren, Lackschaden vorne', 147, 147, '0.05', NULL),
(517, 'in Arbeit',197152, 'Sprung in Frontscheibe, Ölwechsel', 67, 67, '0.00', NULL),
(518, 'Freigegeben', 55956, 'Soundsystem defekt, Jahresinspektion', 229, 229, '0.00', NULL),
(519, 'Abgeschlossen', 137293, 'Klimaanlage leckt, Klimaanlage defekt', 65, 65, '0.00', NULL),
(520, 'in Arbeit',1106, 'Fernlicht reparieren, Reifewechsel', 41, 41, '0.05', NULL),
(521, 'in Arbeit',73504, 'Scheiben austauschen, Reifen abgefahren', 137, 137, '0.00', NULL),
(522, 'Abgeschlossen', 80201, 'Lackschaden vorne', 179, 179, '0.00', NULL),
(523, 'Freigegeben', 128537, 'Motor springt nicht an, Fernlicht reparieren', 220, 220, '0.00', NULL),
(524, 'Abgeschlossen', 135241, 'Reifewechsel, Reifen abgefahren', 218, 218, '0.00', NULL),
(525, 'Abgeschlossen', 90752, 'Scheiben austauschen, Sprung in Frontscheibe', 144, 144, '0.00', NULL),
(526, 'in Arbeit',129075, 'Tür kaputt', 57, 57, '0.00', NULL),
(527, 'Geplant', 10646, 'Klimaanlage leckt, Reifen abgefahren', 153, 153, '0.00', NULL),
(528, 'Abgeschlossen', 13224, 'Lackschaden vorne', 157, 157, '0.00', NULL),
(529, 'Geplant', 53558, 'Jahresinspektion, Motor springt nicht an', 153, 153, '0.00', NULL),
(530, 'Freigegeben', 108897, 'Reifenwechsel, Sprung in Frontscheibe', 168, 168, '0.00', NULL),
(531, 'Abgeschlossen', 22357, 'Wasser tritt aus, Klimaanlage defekt', 157, 157, '0.00', NULL),
(532, 'Geplant', 94882, 'Klimaanlage leckt, Licht einstellen', 287, 287, '0.03', NULL),
(533, 'in Arbeit',20852, 'Licht einstellen, Sprung in Heckscheibe', 40, 40, '0.00', NULL),
(534, 'Geplant', 35934, 'Reifenwechsel, Reifewechsel', 103, 103, '0.00', NULL),
(535, 'Abgeschlossen', 85493, 'Jahresinspektion, Ölwechsel', 248, 248, '0.00', NULL),
(536, 'Geplant', 165285, 'Licht einstellen, Bremse quietscht', 255, 255, '0.00', NULL),
(537, 'Geplant', 197008, 'Klimaanlage defekt, Klimaanlage leckt', 138, 138, '0.00', NULL),
(538, 'Abgeschlossen', 161841, 'Lackschaden vorne, Bremse quietscht', 296, 296, '0.00', NULL),
(539, 'Geplant', 153015, 'verliert Bremsflüssigkeit, Sprung in Frontscheibe', 203, 203, '0.00', NULL),
(540, 'Geplant', 18019, 'Wasser tritt aus, Motoröl wechseln', 110, 110, '0.00', NULL),
(541, 'Geplant', 41344, 'Licht einstellen, verliert Bremsflüssigkeit', 219, 219, '0.00', NULL),
(542, 'Geplant', 1141, 'Ölwechsel, Wasser tritt aus', 197, 197, '0.00', NULL),
(543, 'Geplant', 180503, 'Jahresinspektion, Jahresinspektion', 216, 216, '0.00', NULL),
(544, 'Geplant', 99869, 'Lackschaden, Jahresinspektion', 144, 144, '0.00', NULL),
(545, 'Abgeschlossen', 21331, 'Licht einstellen', 267, 267, '0.00', NULL),
(546, 'Geplant', 112202, 'Motor springt nicht an, Fernlicht reparieren', 6, 6, '0.00', NULL),
(547, 'Rechnung erstellt',42688, 'Klimaanlage defekt, Motor springt nicht an', 261, 261, '0.00', NULL),
(548, 'Abgeschlossen', 27589, 'Klimaanlage defekt, Wasser tritt aus', 236, 236, '0.00', NULL),
(549, 'in Arbeit', 72378, 'Reifewechsel, Klimaanlage defekt', 147, 147, '0.05', NULL),
(550, 'Geplant', 202110, 'Ölwechsel, Reinigung', 102, 102, '0.00', NULL),
(551, 'Abgeschlossen', 83164, 'Sprung in Frontscheibe, Jahresinspektion', 274, 274, '0.00', NULL),
(552, 'in Arbeit',146586, 'Bremse quietscht', 259, 259, '0.00', NULL),
(553, 'in Arbeit',27727, 'Sprung in Heckscheibe, Auffahrunfall', 8, 8, '0.00', NULL),
(554, 'Freigegeben', 35636, 'Reinigung, Sprung in Heckscheibe', 16, 16, '0.00', NULL),
(555, 'Abgeschlossen', 144335, 'Lackschaden hinten, Ölwechsel', 43, 43, '0.05', NULL),
(556, 'Geplant', 130269, 'Motor springt nicht an, Lackschaden hinten', 14, 14, '0.00', NULL),
(557, 'Abgeschlossen', 70580, 'verliert Bremsflüssigkeit, Motor springt nicht an', 73, 73, '0.00', NULL),
(558, 'Abgeschlossen', 115360, 'Fernlicht reparieren, Motoröl wechseln', 191, 191, '0.00', NULL),
(559, 'in Arbeit',98942, 'verliert Bremsflüssigkeit, Fernlicht reparieren', 83, 83, '0.00', NULL),
(560, 'Abgeschlossen', 25652, 'Tür kaputt, Fernlicht reparieren', 267, 267, '0.05', NULL),
(561, 'in Arbeit',165652, 'verliert Bremsflüssigkeit, Sprung in Frontscheibe', 61, 61, '0.00', NULL),
(562, 'Abgeschlossen', 172390, 'Sprung in Frontscheibe, Reifewechsel', 165, 165, '0.00', NULL),
(563, 'Geplant', 113263, 'Ölwechsel, Motoröl wechseln', 85, 85, '0.00', NULL),
(564, 'Abgeschlossen', 13669, 'Fernlicht reparieren, Bremse quietscht', 37, 37, '0.00', NULL),
(565, 'Rechnung erstellt',62264, 'Motor springt nicht an, Soundsystem defekt', 212, 212, '0.00', NULL),
(566, 'Geplant', 197518, 'Batterien austauschen', 120, 120, '0.00', NULL),
(567, 'Geplant', 119571, 'Bremse quietscht, Soundsystem defekt', 201, 201, '0.00', NULL),
(568, 'Geplant', 99656, 'Batterien austauschen, Motoröl wechseln', 27, 27, '0.00', NULL),
(569, 'Abgeschlossen', 163432, 'Ölwechsel, verliert Bremsflüssigkeit', 52, 52, '0.00', NULL),
(570, 'Abgeschlossen', 184130, 'Lackschaden vorne, Lackschaden vorne', 92, 92, '0.00', NULL),
(571, 'Geplant', 19258, 'Klimaanlage leckt, Reifen abgefahren', 135, 135, '0.00', NULL),
(572, 'Abgeschlossen', 180514, 'Lackschaden hinten, Sprung in Frontscheibe', 197, 197, '0.05', NULL),
(573, 'Rechnung erstellt',140826, 'Sprung in Frontscheibe, Tür kaputt', 220, 220, '0.00', NULL),
(574, 'in Arbeit',28082, 'Batterien austauschen, Scheiben austauschen', 72, 72, '0.00', NULL),
(575, 'Abgeschlossen', 169744, 'Wasser tritt aus, Reifen abgefahren', 271, 271, '0.00', NULL),
(576, 'Abgeschlossen', 118091, 'Sprung in Heckscheibe, Klimaanlage leckt', 198, 198, '0.00', NULL),
(577, 'Freigegeben', 94712, 'Sprung in Frontscheibe, Klimaanlage leckt', 248, 248, '0.00', NULL),
(578, 'Freigegeben', 92705, 'Reinigung, Motoröl wechseln', 289, 289, '0.00', NULL),
(579, 'Geplant', 143642, 'Reinigung, Auffahrunfall', 77, 77, '0.00', NULL),
(580, 'in Arbeit',132469, 'Soundsystem defekt, Klimaanlage defekt', 14, 14, '0.00', NULL),
(581, 'in Arbeit', 57476, 'Jahresinspektion, Reifewechsel', 143, 143, '0.00', NULL),
(582, 'Abgeschlossen', 20056, 'verliert Bremsflüssigkeit, Tür kaputt', 41, 41, '0.01', NULL),
(583, 'Abgeschlossen', 55085, 'Lackschaden', 234, 234, '0.00', NULL),
(584, 'Abgeschlossen', 120782, 'unbekannt, Klimaanlage defekt', 151, 151, '0.00', NULL),
(585, 'Geplant', 154258, 'Reinigung', 241, 241, '0.00', NULL),
(586, 'Geplant', 20511, 'Fernlicht reparieren, Scheiben austauschen', 37, 37, '0.05', NULL),
(587, 'Abgeschlossen', 29594, 'Lackschaden vorne, Klimaanlage defekt', 135, 135, '0.00', NULL),
(588, 'Abgeschlossen', 103772, 'Sprung in Frontscheibe, Tür kaputt', 287, 287, '0.05', NULL),
(589, 'Rechnung erstellt',20954, 'Lackschaden hinten', 293, 293, '0.00', NULL),
(590, 'Geplant', 26370, 'Reifewechsel, Auffahrunfall', 132, 132, '0.00', NULL),
(591, 'Geplant', 15825, 'Auffahrunfall, Sprung in Frontscheibe', 253, 253, '0.00', NULL),
(592,'Abgeschlossen',  47582, 'Motor springt nicht an, Fernlicht reparieren', 50, 50, '0.00', NULL),
(593, 'Geplant', 199034, 'Klimaanlage defekt, Scheiben austauschen', 95, 95, '0.00', NULL),
(594, 'Geplant', 183958, 'Sprung in Frontscheibe, Sprung in Frontscheibe', 252, 252, '0.00', NULL),
(595, 'Abgeschlossen', 13470, 'Auffahrunfall, Batterien austauschen', 284, 284, '0.00', NULL),
(596, 'Abgeschlossen', 11788, 'Scheiben austauschen, Lackschaden vorne', 205, 205, '0.00', NULL),
(597, 'Geplant', 17723, 'Licht einstellen, Reifenwechsel', 86, 86, '0.00', NULL),
(598, 'Abgeschlossen', 116795, 'Sprung in Heckscheibe, Reifenwechsel', 249, 249, '0.00', NULL),
(599, 'in Arbeit',160882, 'Reinigung, unbekannt', 232, 232, '0.00', NULL),
(600, 'Abgeschlossen', 185611, 'Scheiben austauschen, Bremse quietscht', 118, 118, '0.00', NULL),
(601, 'Freigegeben', 12687, 'Reifenwechsel, Auffahrunfall', 17, 17, '0.00', NULL),
(602, 'Rechnung erstellt',182081, 'Auffahrunfall, Wasser tritt aus', 255, 255, '0.00', NULL),
(603, 'Geplant', 130917, 'Lackschaden vorne, Batterien austauschen', 122, 122, '0.00', NULL),
(604, 'Rechnung erstellt',177320, 'Batterien austauschen, Reinigung', 296, 296, '0.00', NULL),
(605, 'in Arbeit', 124297, 'Lackschaden, Lackschaden vorne', 51, 51, '0.00', NULL),
(606, 'Rechnung erstellt',28507, 'Motoröl wechseln, Fernlicht reparieren', 8, 8, '0.00', NULL),
(607,'Rechnung erstellt', 132317, 'Wasser tritt aus', 98, 98, '0.00', NULL),
(608, 'Rechnung erstellt',24263, 'Klimaanlage defekt, Reifewechsel', 37, 37, '0.00', NULL),
(609, 'Geplant', 80600, 'Lackschaden vorne, Lackschaden', 39, 39, '0.00', NULL),
(610, 'Abgeschlossen', 17614, 'Licht einstellen, Soundsystem defekt', 242, 242, '0.00', NULL),
(611, 'Geplant', 131526, 'Wasser tritt aus, Jahresinspektion', 57, 57, '0.00', NULL),
(612,'Abgeschlossen',  133489, 'Reinigung, Soundsystem defekt', 272, 272, '0.00', NULL),
(613, 'Rechnung erstellt',142154, 'Licht einstellen, Reifen abgefahren', 187, 187, '0.00', NULL),
(614,'Abgeschlossen',  153661, 'Tür kaputt, Scheiben austauschen', 245, 245, '0.00', NULL),
(615, 'Freigegeben', 40697, 'Lackschaden hinten, Batterien austauschen', 113, 113, '0.00', NULL),
(616, 'Freigegeben', 75406, 'Tür kaputt, Motor springt nicht an', 129, 129, '0.00', NULL),
(617, 'Abgeschlossen', 61170, 'Reifenwechsel, Klimaanlage defekt', 10, 10, '0.00', NULL),
(618, 'Abgeschlossen', 22580, 'Fernlicht reparieren, Reifen abgefahren', 119, 119, '0.00', NULL),
(619, 'Geplant', 119886, 'Jahresinspektion, Auffahrunfall', 136, 136, '0.00', NULL),
(620, 'Abgeschlossen', 83199, 'Reifewechsel, Klimaanlage defekt', 190, 190, '0.00', NULL),
(621, 'Abgeschlossen', 187500, 'verliert Bremsflüssigkeit, Auffahrunfall', 259, 259, '0.00', NULL),
(622, 'Abgeschlossen', 41275, 'Soundsystem defekt, Jahresinspektion', 141, 141, '0.00', NULL),
(623, 'Geplant', 39449, 'Fernlicht reparieren, Ölwechsel', 293, 293, '0.00', NULL),
(624, 'Abgeschlossen', 145745, 'verliert Bremsflüssigkeit, Scheiben austauschen', 277, 277, '0.00', NULL),
(625, 'Geplant', 75609, 'Lackschaden vorne, Auffahrunfall', 46, 46, '0.00', NULL),
(626, 'Freigegeben', 109273, 'Jahresinspektion, verliert Bremsflüssigkeit', 164, 164, '0.00', NULL),
(627, 'in Arbeit',30845, 'Tür kaputt, Ölwechsel', 31, 31, '0.00', NULL),
(628, 'Geplant', 27149, 'Motoröl wechseln', 152, 152, '0.00', NULL),
(629, 'Rechnung erstellt',86065, 'Lackschaden, Scheiben austauschen', 39, 39, '0.00', NULL),
(630, 'Geplant', 162379, 'Licht einstellen, Licht einstellen', 35, 35, '0.00', NULL),
(631, 'Abgeschlossen', 110609, 'Licht einstellen, Klimaanlage leckt', 250, 250, '0.00', NULL),
(632, 'Geplant', 151588, 'verliert Bremsflüssigkeit, Lackschaden', 77, 77, '0.00', NULL),
(633, 'Geplant', 31852, 'Sprung in Frontscheibe', 29, 29, '0.00', NULL),
(634, 'in Arbeit', 18539, 'Bremse quietscht, Batterien austauschen', 299, 299, '0.00', NULL),
(635, 'Abgeschlossen', 142422, 'Licht einstellen, unbekannt', 69, 69, '0.00', NULL),
(636, 'Abgeschlossen', 7456, 'Klimaanlage leckt, Sprung in Frontscheibe', 162, 162, '0.00', NULL),
(637, 'Geplant', 167653, 'Bremse quietscht, Reifenwechsel', 93, 93, '0.00', NULL),
(638, 'Abgeschlossen', 126525, 'Licht einstellen, Reifen abgefahren', 275, 275, '0.00', NULL),
(639, 'Abgeschlossen', 177677, 'Soundsystem defekt, Sprung in Frontscheibe', 223, 223, '0.00', NULL),
(640, 'Geplant', 215285, 'Fernlicht reparieren, Auffahrunfall', 95, 95, '0.00', NULL),
(641, 'Geplant', 145310, 'Batterien austauschen, Licht einstellen', 65, 65, '0.00', NULL),
(642, 'Geplant', 32004, 'Reifen abgefahren, Lackschaden', 41, 41, '0.00', NULL),
(643, 'Abgeschlossen', 10380, 'unbekannt, Sprung in Heckscheibe', 208, 208, '0.00', NULL),
(644, 'in Arbeit',101453, 'Licht einstellen, Reifen abgefahren', 289, 289, '0.00', NULL),
(645, 'Rechnung erstellt',160419, 'Fernlicht reparieren, Reifen abgefahren', 101, 101, '0.00', NULL),
(646, 'Geplant', 143247, 'Licht einstellen, Sprung in Heckscheibe', 206, 206, '0.00', NULL),
(647, 'Abgeschlossen', 198175, 'Reifen abgefahren, Jahresinspektion', 94, 94, '0.00', NULL),
(648, 'Freigegeben', 124834, 'Wasser tritt aus, Fernlicht reparieren', 198, 198, '0.00', NULL),
(649, 'Freigegeben', 124715, 'Lackschaden, Jahresinspektion', 48, 48, '0.00', NULL),
(650, 'Freigegeben', 124622, 'Lackschaden vorne, Licht einstellen', 151, 151, '0.00', NULL),
(651, 'Abgeschlossen', 61835, 'Scheiben austauschen, Licht einstellen', 226, 226, '0.00', NULL),
(652, 'Freigegeben', 54457, 'Bremse quietscht, Motoröl wechseln', 59, 59, '0.00', NULL),
(653, 'Freigegeben', 116819, 'Reifenwechsel, Wasser tritt aus', 6, 6, '0.00', NULL),
(654, 'Freigegeben', 42420, 'Bremse quietscht, unbekannt', 29, 29, '0.00', NULL),
(655, 'Abgeschlossen', 48611, 'Licht einstellen, Reifenwechsel', 74, 74, '0.00', NULL),
(656, 'Geplant', 51016, 'Batterien austauschen, Scheiben austauschen', 152, 152, '0.00', NULL),
(657, 'Geplant', 96590, 'Lackschaden, Lackschaden hinten', 7, 7, '0.00', NULL),
(658, 'in Arbeit', 122064, 'Bremse quietscht, verliert Bremsflüssigkeit', 287, 287, '0.00', NULL),
(659, 'Abgeschlossen', 118314, 'Licht einstellen, Sprung in Frontscheibe', 121, 121, '0.00', NULL),
(660, 'Geplant', 37135, 'Tür kaputt, Soundsystem defekt', 31, 31, '0.00', NULL),
(661, 'Rechnung erstellt',185517, 'Lackschaden hinten, Auffahrunfall', 197, 197, '0.00', NULL),
(662, 'Freigegeben', 71611, 'Lackschaden hinten, Licht einstellen', 189, 189, '0.00', NULL),
(663, 'Abgeschlossen', 56590, 'Klimaanlage leckt, Lackschaden', 193, 193, '0.00', NULL),
(664, 'Geplant', 76788, 'Motor springt nicht an, Soundsystem defekt', 73, 73, '0.00', NULL),
(665, 'Geplant', 146572, 'Lackschaden vorne, Soundsystem defekt', 45, 45, '0.00', NULL),
(666, 'in Arbeit',102693, 'Klimaanlage leckt, Lackschaden', 47, 47, '0.00', NULL),
(667, 'Geplant', 56739, 'Reifenwechsel', 78, 78, '0.00', NULL),
(668, 'in Arbeit', 127526, 'Jahresinspektion, Lackschaden hinten', 36, 36, '0.00', NULL),
(669, 'Geplant', 148255, 'unbekannt, Reinigung', 147, 147, '0.05', NULL),
(670, 'Geplant', 145737, 'Reifenwechsel, Reifewechsel', 43, 43, '0.00', NULL),
(671, 'Abgeschlossen', 98337, 'Jahresinspektion, Ölwechsel', 169, 169, '0.00', NULL),
(672, 'Freigegeben', 76383, 'Soundsystem defekt, Bremse quietscht', 160, 160, '0.00', NULL),
(673, 'Freigegeben', 130426, 'Reifewechsel, Lackschaden hinten', 281, 281, '0.00', NULL),
(674, 'Abgeschlossen', 134563, 'Batterien austauschen', 146, 146, '0.00', NULL),
(675, 'Abgeschlossen', 155282, 'Lackschaden vorne, Bremse quietscht', 206, 206, '0.00', NULL),
(676, 'Freigegeben', 11609, 'Jahresinspektion, unbekannt', 20, 20, '0.00', NULL),
(677, 'Freigegeben', 3206, 'Jahresinspektion, Reifewechsel', 273, 273, '0.00', NULL),
(678, 'Geplant', 43474, 'Lackschaden, Jahresinspektion', 219, 219, '0.00', NULL),
(679, 'Abgeschlossen', 139995, 'Licht einstellen, Reinigung', 145, 145, '0.00', NULL),
(680, 'Geplant', 145804, 'Batterien austauschen, Motor springt nicht an', 122, 122, '0.00', NULL),
(681, 'Abgeschlossen', 58809, 'Reifewechsel, Fernlicht reparieren', 113, 113, '0.00', NULL),
(682, 'Geplant', 125939, 'verliert Bremsflüssigkeit, Auffahrunfall', 168, 168, '0.00', NULL),
(683, 'Rechnung erstellt', 70375, 'unbekannt, Scheiben austauschen', 234, 234, '0.00', NULL),
(684, 'Geplant', 23943, 'verliert Bremsflüssigkeit, Sprung in Heckscheibe', 40, 40, '0.00', NULL),
(685, 'Geplant', 62152, 'Fernlicht reparieren, Lackschaden hinten', 178, 178, '0.00', NULL),
(686, 'Geplant', 30683, 'Lackschaden vorne, Fernlicht reparieren', 119, 119, '0.00', NULL),
(687, 'in Arbeit', 24927, 'Licht einstellen, Motoröl wechseln', 66, 66, '0.00', NULL),
(688, 'Freigegeben', 98426, 'Tür kaputt, Wasser tritt aus', 233, 233, '0.05', NULL),
(689, 'Freigegeben', 31954, 'Ölwechsel, Sprung in Heckscheibe', 109, 109, '0.00', NULL),
(690, 'Rechnung erstellt', 88267, 'Klimaanlage leckt, Motoröl wechseln', 133, 133, '0.00', NULL),
(691, 'in Arbeit', 145338, 'Lackschaden vorne, Tür kaputt', 218, 218, '0.00', NULL),
(692, 'Freigegeben', 19743, 'Ölwechsel, Klimaanlage defekt', 114, 114, '0.00', NULL),
(693, 'Rechnung erstellt',179802, 'Sprung in Frontscheibe, Sprung in Heckscheibe', 61, 61, '0.00', NULL),
(694, 'in Arbeit',50704, 'Licht einstellen, Wasser tritt aus', 91, 91, '0.00', NULL),
(695, 'in Arbeit',83736, 'Licht einstellen', 127, 127, '0.00', NULL),
(696, 'Freigegeben', 18817, 'Reifenwechsel, verliert Bremsflüssigkeit', 3, 3, '0.00', NULL),
(697, 'Freigegeben', 13256, 'Tür kaputt, Auffahrunfall', 200, 200, '0.00', NULL),
(698, 'in Arbeit', 24600, 'Batterien austauschen, Reinigung', 19, 19, '0.00', NULL),
(704, 'Freigegeben', 100, 'Tür kaputt', 41, 41, '0.00', 'Inspektion überfällig. Kunde informieren'),
(705, 'Freigegeben', 100, 'TEST', 41, 41, '0.00', 'Inspektion überfällig. Kunde informieren'),
(706, 'Freigegeben', 1, 'TEST', 41, 41, '0.00', 'Fehlerhafte Eingabe. Kilometerstand prüfen'),
(707, 'Freigegeben', 15000, 'TEST', 41, 41, '0.00', 'Inspektion überfällig. Kunde informieren');

-- --------------------------------------------------------

--
-- Tabellenstruktur für Tabelle `tblfahrzeuge`
--

CREATE TABLE `tblfahrzeuge` (
  `FahrzeugID` int(11) NOT NULL,
  `Kennzeichen` varchar(20) COLLATE utf8mb4_german2_ci DEFAULT NULL,
  `Marke` varchar(100) COLLATE utf8mb4_german2_ci DEFAULT NULL,
  `Modell` varchar(100) COLLATE utf8mb4_german2_ci DEFAULT NULL,
  `Erstzulassung` varchar(30) COLLATE utf8mb4_german2_ci DEFAULT NULL,
  `Typ` varchar(100) COLLATE utf8mb4_german2_ci DEFAULT NULL,
  `Fahrzeugart` varchar(100) COLLATE utf8mb4_german2_ci DEFAULT NULL
) ENGINE=InnoDB DEFAULT CHARSET=utf8mb4 COLLATE=utf8mb4_german2_ci;

--
-- Daten für Tabelle `tblfahrzeuge`
--

INSERT INTO `tblfahrzeuge` (`FahrzeugID`, `Kennzeichen`, `Marke`, `Modell`, `Erstzulassung`, `Typ`, `Fahrzeugart`) VALUES
(1, 'FUE-MK-1943', 'Skoda', 'Fabia', '12/2006', 'Gebraucht', 'Kombi'),
(2, 'FUE-UC-1536', 'Citroen', 'DS3', '01/2013', 'Gebraucht', 'Coupe'),
(3, 'N-MA-1758', 'Fiat', '500X', '12/2019', 'Firmenwagen', 'Off-Road/Pick-up'),
(4, 'FUE-RG-625', 'Renault', 'Scenic', '04/2006', 'Gebraucht', 'Sonstiges'),
(5, 'N-OU-1929', 'BMW', '118', '03/2007', 'Gebraucht', 'Limousine'),
(6, 'N-NY-2207', 'Audi', 'Q3', '06/2016', 'Gebraucht', 'Off-Road/Pick-up'),
(7, 'N-LS-2796', 'SEAT', 'Leon', '05/2018', 'Gebraucht', 'Kombi'),
(8, 'FUE-AK-2513', 'Renault', 'Twingo', '11/2018', 'Gebraucht', 'Limousine'),
(9, 'FUE-NC-1331', 'BMW', '118', '04/2018', 'Gebraucht', 'Limousine'),
(10, 'N-PR-2304', 'Fiat', '500L', '01/2018', 'Gebraucht', 'Sonstiges'),
(11, 'N-JW-710', 'Renault', 'Captur', '08/2019', 'Firmenwagen', 'Off-Road/Pick-up'),
(12, 'N-SH-1666', 'Peugeot', '3008', '09/2019', 'Gebraucht', 'Off-Road/Pick-up'),
(13, 'FUE-WR-2406', 'SEAT', 'Alhambra', '02/2015', 'Gebraucht', 'Bus'),
(14, 'FUE-QA-1140', 'Opel', 'Mokka', '12/2015', 'Gebraucht', 'Off-Road/Pick-up'),
(15, 'N-EY-1432', 'Dacia', 'Sandero', '-/-', 'Neuwagen', 'Kompaktklasse'),
(16, 'N-OX-548', 'Audi', 'SQ5', '07/2018', 'Gebraucht', 'Off-Road/Pick-up'),
(17, 'N-Z-2667', 'Renault', 'Captur', '08/2019', 'Gebraucht', 'Off-Road/Pick-up'),
(18, 'N-GK-1474', 'Volkswagen', 'Polo', '04/2018', 'Gebraucht', 'Limousine'),
(19, 'FUE-MR-644', 'Opel', 'Corsa', '02/2019', 'Gebraucht', 'Kompaktklasse'),
(20, 'FUE-ND-932', 'Audi', 'A3', '08/2012', 'Gebraucht', 'Caprio'),
(21, 'FUE-LP-1449', 'Renault', 'Scenic', '02/2008', 'Gebraucht', 'Transporter'),
(22, 'N-ND-1890', 'Audi', 'A6', '06/2019', 'Gebraucht', 'Kombi'),
(23, 'FUE-HP-1196', 'Fiat', '500X', '10/2018', 'Gebraucht', 'Kombi'),
(24, 'FUE-MA-1654', 'Opel', 'Adam', '11/2017', 'Gebraucht', 'Limousine'),
(25, 'N-N-1487', 'Peugeot', '2008', '03/2016', 'Gebraucht', 'Kombi'),
(26, 'FUE-JO-2221', 'Toyota', 'Verso-S', '05/2011', 'Gebraucht', 'Bus'),
(27, 'FUE-NY-2941', 'BMW', '216', '11/2015', 'Gebraucht', 'Bus'),
(28, 'N-UI-426', 'Volkswagen', 'T-Roc', '01/2020', 'Jahreswagen', 'Off-Road/Pick-up'),
(29, 'FUE-RK-1300', 'Suzuki', 'Swift', '09/2009', 'Gebraucht', 'Limousine'),
(30, 'FUE-M-2870', 'Volkswagen', 'T-Roc', '11/2018', 'Firmenwagen', 'Limousine'),
(31, 'N-JR-1087', 'Opel', 'Adam', '08/2018', 'Gebraucht', 'Kompaktklasse'),
(32, 'N-NC-2728', 'Toyota', 'Corolla', '-/-', 'Neuwagen', 'Kombi'),
(33, 'N-VW-2059', 'Volkswagen', 'Tiguan', '04/2016', 'Gebraucht', 'Kombi'),
(34, 'N-CG-2053', 'Opel', 'Astra', '11/2019', 'Jahreswagen', 'Kombi'),
(35, 'FUE-ME-2423', 'Volkswagen', 'Sharan', '01/2017', 'Gebraucht', 'Bus'),
(36, 'N-UN-1975', 'BMW', '520', '01/2017', 'Gebraucht', 'Kombi'),
(37, 'FUE-VO-2110', 'Porsche', '996', '09/2004', 'Gebraucht', 'Caprio'),
(38, 'FUE-SN-233', 'Volkswagen', 'Golf', '04/2019', 'Gebraucht', 'Limousine'),
(39, 'FUE-XO-2974', 'Pontiac', 'GTO', '01/1969', 'Oldtimer', 'Caprio'),
(40, 'FUE-NA-2118', 'SEAT', 'Altea', '05/2008', 'Gebraucht', 'Bus'),
(41, 'FUE-ZW-2992', 'Opel', 'Zafira', '05/2010', 'Gebraucht', 'Bus'),
(42, 'FUE-RL-871', 'Renault', 'Twingo', '09/1998', 'Gebraucht', 'Limousine'),
(43, 'N-GA-630', 'Opel', 'Corsa', '01/2019', 'Gebraucht', 'Kompaktklasse'),
(44, 'N-LO-460', 'Hyundai', 'i10', '12/2009', 'Gebraucht', 'Limousine'),
(45, 'FUE-T-2832', 'Fiat', '500', '12/2015', 'Gebraucht', 'Limousine'),
(46, 'FUE-BK-2410', 'Opel', 'Adam', '02/2019', 'Gebraucht', 'Kompaktklasse'),
(47, 'FUE-UE-1569', 'Suzuki', 'Ignis', '-/-', 'Neuwagen', 'Off-Road/Pick-up'),
(48, 'N-ET-1810', 'Volkswagen', 'Polo', '05/2019', 'Gebraucht', 'Limousine'),
(49, 'FUE-RY-2724', 'Opel', 'Astra', '10/2015', 'Gebraucht', 'Kombi'),
(50, 'N-XR-2795', 'SEAT', 'Ibiza', '12/2019', 'Gebraucht', 'Limousine'),
(51, 'FUE-KR-1880', 'Volkswagen', 'Scirocco', '09/2010', 'Gebraucht', 'Coupe'),
(52, 'N-CQ-1235', 'Kia', 'Stonic', '06/2019', 'VorfUEhrwagen', 'Off-Road/Pick-up'),
(53, 'FUE-MI-480', 'Opel', 'Corsa', '08/2019', 'Gebraucht', 'Kompaktklasse'),
(54, 'FUE-YA-946', 'Volkswagen', 'Maggiolino', '04/2012', 'Gebraucht', 'Limousine'),
(55, 'N-GL-1500', 'Suzuki', 'Vitara', '07/2019', 'Neuwagen', 'Kombi'),
(56, 'FUE-US-332', 'Skoda', 'Karoq', '-/-', 'Neuwagen', 'Off-Road/Pick-up'),
(57, 'FUE-MM-2852', 'BMW', '530', '05/2019', 'Firmenwagen', 'Limousine'),
(58, 'FUE-CD-2956', 'Alfa Romeo', 'Stelvio', '10/2019', 'Jahreswagen', 'Off-Road/Pick-up'),
(59, 'N-QI-1151', 'Volkswagen', 'Sharan', '06/2017', 'Gebraucht', 'Bus'),
(60, 'N-FW-835', 'Peugeot', '208', '03/2017', 'Gebraucht', 'Limousine'),
(61, 'N-QB-1025', 'BMW', 'X1', '-/-', 'Neuwagen', 'Off-Road/Pick-up'),
(62, 'FUE-PY-2146', 'Audi', 'A3', '03/2019', 'Firmenwagen', 'Limousine'),
(63, 'N-JO-546', 'Porsche', '992', '-/-', 'Neuwagen', 'Caprio'),
(64, 'FUE-MZ-1203', 'BMW', 'X3', '06/2014', 'Gebraucht', 'Off-Road/Pick-up'),
(65, 'N-WF-1639', 'Opel', 'Meriva', '09/2009', 'Gebraucht', 'Sonstiges'),
(66, 'N-LD-1488', 'Fiat', 'Seicento', '12/2001', 'Gebraucht', 'Kompaktklasse'),
(67, 'FUE-UD-2115', 'Renault', 'Megane', '06/2007', 'Gebraucht', 'Caprio'),
(68, 'N-RA-1056', 'Audi', 'A1', '-/-', 'Neuwagen', 'Limousine'),
(69, 'FUE-VO-994', 'Ford', 'Focus', '06/2015', 'Gebraucht', 'Kombi'),
(70, 'FUE-O-2546', 'Alfa Romeo', '156', '02/2004', 'Gebraucht', 'Limousine'),
(71, 'N-VA-2356', 'Ford', 'Fusion', '01/2008', 'Gebraucht', 'Limousine'),
(72, 'N-NV-1459', 'Skoda', 'Fabia', '02/2017', 'Gebraucht', 'Kompaktklasse'),
(73, 'N-N-1467', 'BMW', '320', '06/2016', 'Gebraucht', 'Kombi'),
(74, 'FUE-IO-1442', 'Suzuki', 'Splash', '07/2008', 'Gebraucht', 'Kombi'),
(75, 'FUE-QI-1494', 'Fiat', '500', '04/2017', 'Gebraucht', 'Limousine'),
(76, 'N-F-921', 'Jaguar', 'F-Pace', '11/2018', 'Gebraucht', 'Off-Road/Pick-up'),
(77, 'N-CP-2427', 'Volvo', 'XC60', '12/2016', 'Gebraucht', 'Off-Road/Pick-up'),
(78, 'N-KM-1664', 'Skoda', 'Roomster', '05/2011', 'Gebraucht', 'Bus'),
(79, 'FUE-AQ-1892', 'Porsche', 'Cayenne', '06/2015', 'Gebraucht', 'Sonstiges'),
(80, 'FUE-FW-650', 'Opel', 'Adam', '09/2015', 'Gebraucht', 'Kompaktklasse'),
(81, 'FUE-CQ-1816', 'BMW', 'X5', '11/2016', 'Gebraucht', 'Off-Road/Pick-up'),
(82, 'FUE-RC-451', 'Oldtimer', 'Renault', '05/1990', 'Oldtimer', 'Transporter'),
(83, 'N-OD-2488', 'Audi', 'A3', '10/2001', 'Gebraucht', 'Limousine'),
(84, 'N-LP-599', 'Dacia', 'Duster', '12/2019', 'Jahreswagen', 'Off-Road/Pick-up'),
(85, 'N-WV-2435', 'BMW', '520', '05/2016', 'Gebraucht', 'Kombi'),
(86, 'N-TO-168', 'BMW', '118', '12/2016', 'Gebraucht', 'Limousine'),
(87, 'N-GH-909', 'Fiat', '500', '10/2012', 'Gebraucht', 'Kompaktklasse'),
(88, 'FUE-GG-2459', 'Skoda', 'Fabia', '08/2004', 'Gebraucht', 'Kombi'),
(89, 'FUE-PK-646', 'Ford', 'Mustang', '02/1967', 'Gebraucht', 'Caprio'),
(90, 'N-JV-2911', 'Porsche', '911', '12/2013', 'Gebraucht', 'Coupe'),
(91, 'N-JZ-939', 'Peugeot', '2008', '01/2020', 'Gebraucht', 'Off-Road/Pick-up'),
(92, 'FUE-TX-2753', 'Nissan', 'NV200', '09/2010', 'Gebraucht', 'Bus'),
(93, 'N-JB-1150', 'Audi', 'A4', '05/2019', 'Gebraucht', 'Limousine'),
(94, 'FUE-XD-2322', 'Renault', 'Captur', '09/2019', 'Jahreswagen', 'Off-Road/Pick-up'),
(95, 'N-SN-1217', 'smart', 'forTwo', '01/2010', 'Gebraucht', 'Kompaktklasse'),
(96, 'FUE-MF-520', 'Opel', 'Meriva', '07/2014', 'Gebraucht', 'Kombi'),
(97, 'FUE-EP-1435', 'Audi', 'A3', '05/2015', 'Gebraucht', 'Limousine'),
(98, 'N-YU-1206', 'Opel', 'Corsa', '04/2008', 'Gebraucht', 'Limousine'),
(99, 'FUE-AY-2779', 'Ford', 'Focus', '02/2019', 'Firmenwagen', 'Limousine'),
(100, 'FUE-ID-2726', 'Renault', 'Trafic', '06/2016', 'Gebraucht', 'Transporter'),
(101, 'N-DK-1364', 'SEAT', 'Ibiza', '06/2013', 'Gebraucht', 'Kombi'),
(102, 'FUE-HZ-2641', 'Dacia', 'Duster', '02/2020', 'Jahreswagen', 'Off-Road/Pick-up'),
(103, 'FUE-SH-1814', 'Nissan', 'Qashqai', '-/-', 'Neuwagen', 'Off-Road/Pick-up'),
(104, 'N-GQ-2843', 'Jaguar', 'XJ', '04/2006', 'Gebraucht', 'Limousine'),
(105, 'N-DG-517', 'Fiat', 'Tipo', '02/2018', 'Gebraucht', 'Limousine'),
(106, 'N-GF-2342', 'Volkswagen', 'Tiguan', '03/2014', 'Gebraucht', 'Off-Road/Pick-up'),
(107, 'N-C-377', 'Audi', 'Q3', '10/2017', 'Gebraucht', 'Kombi'),
(108, 'N-XO-2471', 'Ford', 'EcoSport', '09/2019', 'Jahreswagen', 'Off-Road/Pick-up'),
(109, 'FUE-NC-299', 'Volkswagen', 'Golf', '07/2014', 'Gebraucht', 'Kompaktklasse'),
(110, 'N-QU-1794', 'Hyundai', 'Kona', '07/2019', 'Gebraucht', 'Off-Road/Pick-up'),
(111, 'FUE-FD-1967', 'Volkswagen', 'Polo', '02/2019', 'Gebraucht', 'Limousine'),
(112, 'FUE-HW-671', 'Peugeot', '208', '02/2017', 'Gebraucht', 'Kompaktklasse'),
(113, 'N-DY-1152', 'Volkswagen', 'Touran', '05/2018', 'Gebraucht', 'Transporter'),
(114, 'N-WR-514', 'Renault', 'Laguna', '02/2006', 'Gebraucht', 'Kombi'),
(115, 'N-DL-1438', 'Audi', 'A2', '07/2002', 'Gebraucht', 'Kompaktklasse'),
(116, 'FUE-WU-897', 'BMW', '218', '02/2016', 'Gebraucht', 'Bus'),
(117, 'N-LA-2985', 'Mercedes-Benz', 'V', '11/2019', 'Jahreswagen', 'Limousine'),
(118, 'FUE-BD-2763', 'BMW', '318', '03/2005', 'Gebraucht', 'Limousine'),
(119, 'FUE-ZZ-2652', 'Audi', 'A6', '12/2018', 'Gebraucht', 'Kombi'),
(120, 'FUE-UY-216', 'SEAT', 'Ateca', '07/2019', 'Jahreswagen', 'Off-Road/Pick-up'),
(121, 'FUE-BZ-1309', 'Jaguar', 'XF', '-/-', 'Neuwagen', 'Limousine'),
(122, 'N-L-2123', 'Land Rover', 'Defender', '12/2010', 'Gebraucht', 'Kombi'),
(123, 'FUE-CY-2875', 'Mitsubishi', 'L200', '06/2007', 'Gebraucht', 'Off-Road/Pick-up'),
(124, 'N-EZ-1174', 'Renault', 'Kangoo', '06/2016', 'Gebraucht', 'Transporter'),
(125, 'FUE-DH-1199', 'BMW', 'M4', '07/2014', 'Gebraucht', 'Coupe'),
(126, 'N-AP-1406', 'Opel', 'Meriva', '11/2006', 'Gebraucht', 'Bus'),
(127, 'N-SL-1670', 'Volvo', 'S60', '01/2003', 'Gebraucht', 'Limousine'),
(128, 'FUE-EA-830', 'Renault', 'Trafic', '09/2019', 'Gebraucht', 'Transporter'),
(129, 'N-WQ-1134', 'SEAT', 'Ibiza', '01/2006', 'Gebraucht', 'Kompaktklasse'),
(130, 'FUE-NU-2328', 'BMW', '328', '04/2013', 'Gebraucht', 'Kombi'),
(131, 'N-I-2776', 'Opel', 'Antara', '07/2007', 'Gebraucht', 'Bus'),
(132, 'N-MW-2924', 'SEAT', 'Leon', '12/2018', 'Gebraucht', 'Limousine'),
(133, 'FUE-MN-365', 'Volkswagen', 'Passat', '05/2015', 'Gebraucht', 'Limousine'),
(134, 'N-QA-2123', 'Opel', 'Corsa', '07/2009', 'Gebraucht', 'Limousine'),
(135, 'N-KY-1529', 'Fiat', 'Tipo', '01/2017', 'Gebraucht', 'Kompaktklasse'),
(136, 'N-FZ-1366', 'Audi', 'Q5', '06/2019', 'VorfUEhrwagen', 'Off-Road/Pick-up'),
(137, 'FUE-SN-1917', 'Fiat', 'Doblo', '09/2018', 'Gebraucht', 'Transporter'),
(138, 'N-GZ-1737', 'Volkswagen', 'Golf', '12/2015', 'Gebraucht', 'Kompaktklasse'),
(139, 'FUE-LH-445', 'Ford', 'Fiesta', '10/2014', 'Gebraucht', 'Kompaktklasse'),
(140, 'N-AE-124', 'Renault', 'Clio', '-/-', 'Neuwagen', 'Kompaktklasse'),
(141, 'N-RJ-1793', 'Audi', 'A4', '09/2013', 'Gebraucht', 'Kombi'),
(142, 'FUE-MX-2116', 'Fiat', '500', '05/2019', 'Gebraucht', 'Kompaktklasse'),
(143, 'FUE-RF-2166', 'BMW', '116', '12/2007', 'Gebraucht', 'Limousine'),
(144, 'FUE-VA-2680', 'Volkswagen', 'Tiguan', '08/2019', 'Jahreswagen', 'Off-Road/Pick-up'),
(145, 'FUE-XS-238', 'Skoda', 'Fabia', '03/2003', 'Gebraucht', 'Limousine'),
(146, 'N-QS-1014', 'Opel', 'Corsa', '10/2014', 'Gebraucht', 'Kompaktklasse'),
(147, 'FUE-ZQ-2560', 'Ford', 'Focus', '09/2015', 'Gebraucht', 'Limousine'),
(148, 'N-UI-1598', 'Honda', 'Civic', '02/2019', 'Gebraucht', 'Limousine'),
(149, 'N-VN-1422', 'BMW', '116', '02/2018', 'Gebraucht', 'Limousine'),
(150, 'FUE-MI-651', 'Opel', 'Insignia', '09/2009', 'Gebraucht', 'Kombi'),
(151, 'N-WN-355', 'BMW', '520', '11/2011', 'Gebraucht', 'Kombi'),
(152, 'FUE-KI-2655', 'Ford', 'Fiesta', '06/2019', 'Gebraucht', 'Limousine'),
(153, 'FUE-CS-2321', 'Kia', 'Sportage', '12/2019', 'Gebraucht', 'Off-Road/Pick-up'),
(154, 'FUE-PM-2512', 'Peugeot', '3008', '05/2019', 'Gebraucht', 'Off-Road/Pick-up'),
(155, 'FUE-UQ-2460', 'BMW', '420', '08/2018', 'Gebraucht', 'Limousine'),
(156, 'N-AW-1473', 'Honda', 'Civic', '04/2016', 'Gebraucht', 'Kombi'),
(157, 'N-SQ-1215', 'Oldtimer', 'Jeep', '01/1981', 'Oldtimer', 'Sonstiges'),
(158, 'FUE-HH-1366', 'Suzuki', 'Ignis', '01/2020', 'Gebraucht', 'Off-Road/Pick-up'),
(159, 'N-K-635', 'Toyota', 'Hilux', '08/2019', 'Gebraucht', 'Off-Road/Pick-up'),
(160, 'FUE-KJ-553', 'Opel', 'Corsa', '02/2019', 'Jahreswagen', 'Kompaktklasse'),
(161, 'FUE-MD-1117', 'Fiat', '500C', '07/2019', 'Jahreswagen', 'Caprio'),
(162, 'N-DT-1779', 'Audi', 'A1', '07/2019', 'Firmenwagen', 'Kompaktklasse'),
(163, 'FUE-CO-2043', 'Mitsubishi', 'ASX', '02/2012', 'Gebraucht', 'Off-Road/Pick-up'),
(164, 'FUE-RU-2733', 'Dacia', 'Duster', '-/-', 'Neuwagen', 'Off-Road/Pick-up'),
(165, 'N-BI-2789', 'SEAT', 'Ateca', '06/2017', 'Gebraucht', 'Off-Road/Pick-up'),
(166, 'N-ES-2049', 'BMW', '116', '04/2016', 'Gebraucht', 'Limousine'),
(167, 'N-NA-1155', 'Renault', 'Kangoo', '08/2002', 'Gebraucht', 'Kombi'),
(168, 'FUE-FG-143', 'Ford', 'Transit', '02/2019', 'Gebraucht', 'Transporter'),
(169, 'FUE-IO-1895', 'Renault', 'Megane', '08/2016', 'Gebraucht', 'Limousine'),
(170, 'N-PG-2936', 'BMW', '114', '07/2018', 'Gebraucht', 'Limousine'),
(171, 'N-VH-796', 'Abarth', '500', '02/2011', 'Gebraucht', 'Limousine'),
(172, 'FUE-LT-1398', 'Toyota', 'C-HR', '-/-', 'Neuwagen', 'Off-Road/Pick-up'),
(173, 'FUE-CB-1218', 'Audi', 'A1', '04/2012', 'Gebraucht', 'Limousine'),
(174, 'N-DG-199', 'BMW', '116', '06/2018', 'Gebraucht', 'Kompaktklasse'),
(175, 'N-AK-1701', 'smart', 'forTwo', '09/2018', 'Gebraucht', 'Caprio'),
(176, 'FUE-PF-649', 'Ford', 'Fiesta', '-/-', 'Neuwagen', 'Limousine'),
(177, 'FUE-NQ-1897', 'Mitsubishi', 'ASX', '-/-', 'Neuwagen', 'Off-Road/Pick-up'),
(178, 'N-XP-2702', 'Opel', 'Frontera', '06/2000', 'Gebraucht', 'Caprio'),
(179, 'FUE-TW-1567', 'Fiat', 'Qubo', '04/2010', 'Gebraucht', 'Transporter'),
(180, 'FUE-WE-1819', 'Volkswagen', 'Caddy', '11/2014', 'Gebraucht', 'Bus'),
(181, 'FUE-CV-703', 'BMW', '118', '06/2019', 'Gebraucht', 'Limousine'),
(182, 'N-F-1386', 'Renault', 'Master', '-/-', 'Neuwagen', 'Transporter'),
(183, 'N-US-278', 'MINI', '1300', '06/1999', 'Gebraucht', ''),
(184, 'N-I-2856', 'Audi', 'TT', '04/2007', 'Gebraucht', 'Caprio'),
(185, 'N-EN-258', 'Nissan', 'Qashqai', '04/2019', 'Gebraucht', 'Off-Road/Pick-up'),
(186, 'N-YV-752', 'Volkswagen', 'Touareg', '09/2006', 'Gebraucht', 'Off-Road/Pick-up'),
(187, 'FUE-YJ-2635', 'Audi', 'A6', '04/2016', 'Gebraucht', 'Kombi'),
(188, 'N-OG-803', 'Mercedes-Benz', 'Vito', '11/2001', 'Gebraucht', 'Transporter'),
(189, 'N-DR-2460', 'Ford', 'B-Max', '05/2017', 'Gebraucht', 'Sonstiges'),
(190, 'FUE-XY-216', 'Volkswagen', 'T-Cross', '-/-', 'Neuwagen', 'Off-Road/Pick-up'),
(191, 'N-UY-218', 'Volkswagen', 'Sharan', '04/2019', 'VorfUEhrwagen', 'Bus'),
(192, 'N-VL-1519', 'Volkswagen', 'Touran', '10/2007', 'Gebraucht', 'Kombi'),
(193, 'N-DD-715', 'Abarth', '595C', '03/2016', 'Gebraucht', 'Caprio'),
(194, 'FUE-HX-2350', 'BMW', '118', '08/2016', 'Gebraucht', 'Limousine'),
(195, 'N-JL-2554', 'BMW', '745', '05/2004', 'Gebraucht', 'Limousine'),
(196, 'FUE-SF-2837', 'BMW', 'X6', '06/2013', 'Gebraucht', 'Off-Road/Pick-up'),
(197, 'N-GX-749', 'Jeep', 'Cherokee', '08/2019', 'Jahreswagen', 'Off-Road/Pick-up'),
(198, 'FUE-NY-2554', 'Toyota', 'Yaris', '06/2006', 'Gebraucht', 'Limousine'),
(199, 'FUE-HZ-160', 'Chevrolet', 'Matiz', '09/2007', 'Gebraucht', 'Limousine'),
(200, 'N-CD-2614', 'Alfa Romeo', 'Giulietta', '-/-', 'Neuwagen', 'Limousine'),
(201, 'N-TR-2053', 'Audi', 'A4', '05/2018', 'Gebraucht', 'Limousine'),
(202, 'N-KQ-590', 'Chrysler', '300C', '03/2005', 'Gebraucht', 'Limousine'),
(203, 'FUE-JD-2153', 'Renault', 'Megane', '06/2013', 'Gebraucht', 'Kombi'),
(204, 'FUE-CX-2396', 'Citroen', 'C3', '02/2007', 'Gebraucht', 'Limousine'),
(205, 'FUE-YO-1817', 'Volkswagen', 'Polo', '06/2019', 'Gebraucht', 'Limousine'),
(206, 'N-JT-1154', 'smart', 'forTwo', '05/2018', 'Gebraucht', 'Kompaktklasse'),
(207, 'N-GT-2620', 'Fiat', 'Doblo', '06/2016', 'Gebraucht', 'Transporter'),
(208, 'FUE-CW-160', 'Citroen', '2CV', '08/1988', 'Gebraucht', 'Caprio'),
(209, 'FUE-MR-1374', 'Audi', 'A3', '09/2014', 'Gebraucht', 'Limousine'),
(210, 'FUE-ZB-1688', 'Volkswagen', 'Passat', '11/2016', 'Gebraucht', 'Limousine'),
(211, 'FUE-OB-194', 'SEAT', 'Ibiza', '04/2006', 'Gebraucht', 'Kompaktklasse'),
(212, 'N-OI-2733', 'Volkswagen', 'Touareg', '10/2005', 'Gebraucht', 'Off-Road/Pick-up'),
(213, 'N-O-1985', 'Nissan', 'Qashqai', '01/2013', 'Gebraucht', 'Off-Road/Pick-up'),
(214, 'N-WK-2790', 'Peugeot', '2008', '01/2020', 'VorfUEhrwagen', 'Off-Road/Pick-up'),
(215, 'N-VS-2074', 'Opel', 'Astra', '05/2019', 'VorfUEhrwagen', 'Kombi'),
(216, 'N-EK-897', 'Skoda', 'Octavia', '01/2020', 'Neuwagen', 'Kombi'),
(217, 'FUE-VZ-870', 'Fiat', '500', '03/2019', 'Gebraucht', 'Coupe'),
(218, 'N-VS-286', 'BMW', '530', '07/2017', 'Gebraucht', 'Limousine'),
(219, 'N-WY-246', 'Fiat', 'Freemont', '07/2011', 'Gebraucht', 'Kombi'),
(220, 'FUE-BC-811', 'Volkswagen', 'T-Cross', '-/-', 'Neuwagen', 'Off-Road/Pick-up'),
(221, 'FUE-W-1722', 'Opel', 'Corsa', '04/2018', 'Firmenwagen', 'Kompaktklasse'),
(222, 'N-LO-924', 'Renault', 'Twingo', '09/2019', 'Gebraucht', 'Kompaktklasse'),
(223, 'N-PI-2354', 'Opel', 'Insignia', '07/2016', 'Gebraucht', 'Kombi'),
(224, 'FUE-OV-2547', 'Audi', 'Q5', '01/2020', 'VorfUEhrwagen', 'Off-Road/Pick-up'),
(225, 'N-YL-109', 'Renault', 'Megane', '-/-', 'Neuwagen', 'Coupe'),
(226, 'N-EY-1498', 'Audi', 'A6', '09/2012', 'Gebraucht', 'Limousine'),
(227, 'N-LM-1515', 'Ford', 'Fusion', '07/2007', 'Gebraucht', 'Limousine'),
(228, 'N-DA-2952', 'Kia', 'Sportage', '12/2012', 'Gebraucht', 'Off-Road/Pick-up'),
(229, 'FUE-O-1121', 'Ford', 'Galaxy', '11/2007', 'Gebraucht', 'Bus'),
(230, 'FUE-BT-2711', 'Volkswagen', 'T-Roc', '10/2018', 'Gebraucht', 'Off-Road/Pick-up'),
(231, 'FUE-UL-1512', 'Nissan', 'Juke', '01/2020', 'Neuwagen', 'Off-Road/Pick-up'),
(232, 'FUE-XT-2010', 'Peugeot', '308', '10/2018', 'Gebraucht', 'Kombi'),
(233, 'FUE-PG-1639', 'Audi', 'A3', '05/2017', 'Gebraucht', 'Limousine'),
(234, 'N-ID-1728', 'Audi', 'A3', '01/2019', 'Gebraucht', 'Kompaktklasse'),
(235, 'FUE-XX-989', 'BMW', '330', '05/2001', 'Gebraucht', 'Caprio'),
(236, 'N-IE-1065', 'Fiat', '500L', '05/2017', 'Gebraucht', 'Transporter'),
(237, 'FUE-YX-630', 'Audi', 'A3', '02/2015', 'Gebraucht', 'Limousine'),
(238, 'N-CK-2500', 'Ford', 'Mustang', '09/2011', 'Gebraucht', ''),
(239, 'N-FC-1056', 'Ford', 'Ranger', '06/2019', 'VorfUEhrwagen', 'Off-Road/Pick-up'),
(240, 'N-TJ-1249', 'Hyundai', 'i20', '-/-', 'Neuwagen', 'Kompaktklasse'),
(241, 'FUE-ST-1832', 'BMW', '116', '04/2019', 'Gebraucht', 'Limousine'),
(242, 'N-EG-1374', 'Volvo', 'V40', '03/2019', 'Gebraucht', 'Limousine'),
(243, 'N-MM-2370', 'Fiat', 'Tipo', '-/-', 'Neuwagen', 'Kombi'),
(244, 'N-EH-314', 'Volvo', 'XC70', '09/2006', 'Gebraucht', 'Kombi'),
(245, 'N-IR-2454', 'Ford', 'Focus', '03/2015', 'Gebraucht', 'Kombi'),
(246, 'N-OK-746', 'BMW', 'X3', '03/2004', 'Gebraucht', 'Off-Road/Pick-up'),
(247, 'FUE-ZW-2220', 'Mercedes-Benz', 'Vito', '12/2018', 'Firmenwagen', 'Transporter'),
(248, 'N-KX-1997', 'BMW', 'Z8', '06/2001', 'Gebraucht', 'Caprio'),
(249, 'FUE-EW-740', 'Ford', 'C-Max', '04/2019', 'Gebraucht', 'Bus'),
(250, 'FUE-QK-2613', 'Alfa Romeo', 'Giulietta', '05/2018', 'Gebraucht', 'Limousine'),
(251, 'N-LP-109', 'Skoda', 'Octavia', '04/2019', 'Gebraucht', 'Limousine'),
(252, 'N-WZ-1431', 'Porsche', 'Cayman', '12/2008', 'Gebraucht', 'Coupe'),
(253, 'FUE-KU-1380', 'Volkswagen', 'T-Roc', '12/2019', 'Gebraucht', 'Off-Road/Pick-up'),
(254, 'N-IL-2680', 'Skoda', 'Fabia', '12/2019', 'Jahreswagen', 'Kompaktklasse'),
(255, 'FUE-MP-242', 'SEAT', 'Ateca', '-/-', 'Neuwagen', 'Off-Road/Pick-up'),
(256, 'FUE-KJ-120', 'Skoda', 'Scala', '-/-', 'Neuwagen', 'Limousine'),
(257, 'FUE-EI-2809', 'Volkswagen', 'Scirocco', '09/2010', 'Gebraucht', 'Coupe'),
(258, 'N-DT-721', 'BMW', 'M2', '01/2020', 'Neuwagen', 'Coupe'),
(259, 'N-K-850', 'Subaru', 'Forester', '06/2011', 'Gebraucht', 'Off-Road/Pick-up'),
(260, 'FUE-CD-2838', 'Volkswagen', 'Passat', '10/2006', 'Gebraucht', 'Limousine'),
(261, 'N-QQ-1743', 'Opel', 'Astra', '10/2016', 'Gebraucht', 'Limousine'),
(262, 'FUE-N-2003', 'Hyundai', 'i30', '10/2019', 'Gebraucht', 'Limousine'),
(263, 'FUE-FQ-2391', 'Volkswagen', 'Golf', '-/-', 'Neuwagen', 'Limousine'),
(264, 'FUE-ZJ-1084', 'Hyundai', 'iX35', '01/2014', 'Gebraucht', 'Off-Road/Pick-up'),
(265, 'N-SL-490', 'Fiat', 'Ducato', '12/2019', 'VorfUEhrwagen', 'Transporter'),
(266, 'N-WY-2958', 'Renault', 'Captur', '-/-', 'Neuwagen', 'Off-Road/Pick-up'),
(267, 'N-C-742', 'Peugeot', '2008', '04/2018', 'Gebraucht', 'Kombi'),
(268, 'N-UG-381', 'Suzuki', 'Vitara', '12/2019', 'Jahreswagen', 'Off-Road/Pick-up'),
(269, 'N-HW-384', 'Chevrolet', '', '01/1948', 'Oldtimer', 'Coupe'),
(270, 'FUE-G-821', 'Volkswagen', 'Golf', '04/2017', 'Gebraucht', 'Kompaktklasse'),
(271, 'FUE-UB-2330', 'Fiat', '500C', '12/2009', 'Gebraucht', 'Caprio'),
(272, 'FUE-IY-902', 'Fiat', '500C', '09/2010', 'Gebraucht', 'Caprio'),
(273, 'FUE-OU-1701', 'Ford', 'Focus', '-/-', 'Neuwagen', 'Kompaktklasse'),
(274, 'N-Y-1004', 'Opel', 'Corsa', '12/2018', 'Gebraucht', 'Kompaktklasse'),
(275, 'FUE-ZU-1843', 'Kia', 'Sportage', '03/2015', 'Gebraucht', 'Off-Road/Pick-up'),
(276, 'FUE-B-1358', 'Volkswagen', 'Crafter', '05/2018', 'Gebraucht', 'Transporter'),
(277, 'N-IM-1663', 'Peugeot', '2008', '09/2018', 'Gebraucht', 'Sonstiges'),
(278, 'N-WD-1497', 'Ford', 'Fiesta', '08/2012', 'Gebraucht', 'Kompaktklasse'),
(279, 'FUE-ZX-1446', 'Citroen', 'Berlingo', '04/2019', 'Gebraucht', 'Transporter'),
(280, 'FUE-AL-2690', 'Opel', 'Astra', '02/2000', 'Gebraucht', 'Limousine'),
(281, 'N-DN-1902', 'Renault', 'ZOE', '08/2019', 'Gebraucht', 'Kompaktklasse'),
(282, 'FUE-N-1464', 'Fiat', '500', '07/2018', 'Jahreswagen', 'Kompaktklasse'),
(283, 'N-JK-1129', 'Audi', 'A3', '04/2014', 'Gebraucht', 'Limousine'),
(284, 'N-OY-690', 'BMW', '330', '04/2019', 'Gebraucht', 'Kombi'),
(285, 'FUE-LE-247', 'Peugeot', '5008', '06/2011', 'Gebraucht', 'Kombi'),
(286, 'N-ZQ-1365', 'Dacia', 'Stepway', '02/2020', 'Jahreswagen', 'Limousine'),
(287, 'FUE-CP-281', 'Opel', 'Corsa', '07/2013', 'Gebraucht', 'Limousine'),
(288, 'FUE-XL-1794', 'Peugeot', '3008', '02/2010', 'Gebraucht', 'Off-Road/Pick-up'),
(289, 'FUE-JD-551', 'Fiat', '500C', '07/2011', 'Gebraucht', 'Caprio'),
(290, 'FUE-IK-2838', 'Honda', 'Accord', '01/1999', 'Gebraucht', 'Limousine'),
(291, 'FUE-CI-760', 'Volvo', 'XC70', '09/2015', 'Gebraucht', 'Kombi'),
(292, 'FUE-C-2496', 'SEAT', 'Mii', '07/2016', 'Gebraucht', 'Limousine'),
(293, 'FUE-DN-2896', 'Citroen', 'C3', '03/2016', 'Gebraucht', 'Limousine'),
(294, 'FUE-ZM-1490', 'Volkswagen', 'Caddy', '03/2018', 'Gebraucht', 'Bus'),
(295, 'N-WQ-2313', 'Opel', 'Vivaro', '03/2016', 'Gebraucht', 'Bus'),
(296, 'N-WK-118', 'Skoda', 'Superb', '07/2018', 'Gebraucht', 'Kombi'),
(297, 'FUE-FM-715', 'Nissan', 'Qashqai', '04/2013', 'Gebraucht', 'Kombi'),
(298, 'FUE-CA-2144', 'Volkswagen', 'Caddy', '01/2012', 'Gebraucht', 'Kombi'),
(299, 'N-UV-2639', 'Ford', 'Focus', '-/-', 'Neuwagen', 'Limousine'),
(300, 'FUE-KL-170', 'Renault', 'Modus', '04/2007', 'Gebraucht', 'Kombi');

-- --------------------------------------------------------

--
-- Tabellenstruktur für Tabelle `tblkunden`
--

CREATE TABLE `tblkunden` (
  `KundenID` int(11) NOT NULL,
  `Anrede` varchar(10) DEFAULT NULL,
  `Nachname` varchar(100) DEFAULT NULL,
  `Vorname` varchar(100) DEFAULT NULL,
  `Adresse` varchar(100) DEFAULT NULL,
  `PLZ` varchar(10) DEFAULT NULL,
  `Ort` varchar(100) DEFAULT NULL,
  `Telefonnummer` varchar(30) DEFAULT NULL,
  `Stammkunde` tinyint(1) DEFAULT NULL,
  `Geburtsdatum` date DEFAULT NULL
) ENGINE=InnoDB DEFAULT CHARSET=latin1;

--
-- Daten für Tabelle `tblkunden`
--

INSERT INTO `tblkunden` (`KundenID`, `Anrede`, `Nachname`, `Vorname`, `Adresse`, `PLZ`, `Ort`, `Telefonnummer`, `Stammkunde`, `Geburtsdatum`) VALUES
(1, 'Herr', 'Albrecht', 'Sten', 'Vacher Stra?e 11', '90768', 'F?rth', '0911/193554xx', 0, '1923-03-17'),
(2, 'Frau', 'Albrecht', 'Sylvie', 'Schwabacher Straße 23', '90768', 'Fürth', '0911/193554xx', 0, '1926-12-17'),
(3, 'Herr', 'Albrecht', 'Sanja', 'Poppenreuther Straße 17', '90528', 'Zirndorf', '0911/846627xx', 0, '1988-02-22'),
(4, 'Herr', 'Bauer', 'J.', 'Nürnberger Straße 10', '90768', 'Fürth', '0911/486663xx', 0, '1987-12-19'),
(5, 'Frau', 'Bauer', 'Hedda', 'Kapellenstraße 20', '90768', 'Fürth', '0911/486669', 0, '1998-07-07'),
(6, 'Frau', 'Bauer', 'Thjorven', 'Regelsbacher Straße 12', '91052', 'Erlangen', '0911/224802xx', 0, '1965-04-30'),
(7, 'Herr', 'Baumann', 'Sigurd', 'Am Europakanal 9', '90768', 'Fürth', '0911/881686xx', 0, '1930-05-09'),
(8, 'Frau', 'Baumann', 'Hannah', 'Kronacher Straße 15', '91052', 'Erlangen', '0911/562309xx', 0, '1957-06-17'),
(9, 'Frau', 'Baumann', 'Ira', 'Flexdorfer Straße 3', '90527', 'Zirndorf', '0911/497219xx', 0, '1920-01-24'),
(10, 'Herr', 'Beck', 'Hugo', 'Kapellenstraße 4', '90768', 'Fürth', '0911/946852xx', 0, '1962-05-07'),
(11, 'Frau', 'Beck', 'Susanne', 'Regelsbacher Straße 25', '90531', 'Zirndorf', '0911/547748xx', 0, '1939-02-21'),
(12, 'Divers', 'Beck', 'Ola', 'Vacher Straße 3', '90443', 'Nürnberg', '0911/355142xx', 0, '1984-08-17'),
(13, 'Herr', 'Becker', 'Elias', 'Poppenreuther Straße 1', '90768', 'Fürth', '0911/714388xx', 0, '1990-04-21'),
(14, 'Frau', 'Becker', 'Helena', 'Herboldshofer Straße 10', '90768', 'Fürth', '0911/50607xx', 0, '1946-07-26'),
(15, 'Frau', 'Becker', 'Lian', 'Zirndorfer Straße 23', '91052', 'Erlangen', '0911/55658xx', 0, '1923-11-07'),
(16, 'Herr', 'Berger', 'Peter', 'Karolinenstraße 24', '90768', 'Fürth', '0911/351821xx', 0, '1993-03-08'),
(17, 'Frau', 'Berger', 'Helen', 'Atzenhofer Straße 21', '90528', 'Zirndorf', '0911/282896xx', 0, '1963-12-06'),
(18, 'Herr', 'Berger', 'Elia', 'Würzburger Straße 9', '90521', 'Zirndorf', '0911/895553xx', 0, '1992-08-19'),
(19, 'Frau', 'Bergmann', 'Christina', 'Zirndorfer Straße 19', '90523', 'Zirndorf', '0911/677134xx', 0, '1980-01-23'),
(20, '', 'Bergmann', 'Simone', 'Schatzhofen 24', '90768', 'Fürth', '0911/841493xx', 0, '1942-05-10'),
(21, 'Herr', 'Böhm', 'Dorian', 'Zirndorfer Straße 16a', '91052', 'Erlangen', '0911/337913xx', 0, '1940-03-22'),
(22, '', 'Böhm', 'Lorena', 'Jakobinenstraße 14', '90429', 'Nürnberg', '0911/936949xx', 0, '1952-11-13'),
(23, 'Divers', 'Böhm', 'Chris', 'Nürnberger Straße 6', '91052', 'Erlangen', '0911/598022xx', 0, '1947-01-23'),
(24, 'Herr', 'Brandt', 'Hugh', 'Herzogenauracher Straße 22', '90443', 'Nürnberg', '0911/370031xx', 0, '1956-10-05'),
(25, 'Frau', 'Brandt', 'Christine', 'Cadolzburger Straße 15', '90768', 'Fürth', '0911/872143xx', 0, '1924-07-24'),
(26, 'Herr', 'Brandt', 'Isa', 'Jakobinenstraße 5', '90533', 'Zirndorf', '0911/241269xx', 0, '1967-08-16'),
(27, 'Herr', 'Braun', 'Peer', 'Hardstraße 11 Fürth', '', '', '0911/527847xx', 0, '1982-01-03'),
(28, 'Frau', 'Braun', 'Heike', 'Neuhauser Straße 10', '90768', 'Fürth', '0911/999984xx', 0, '1966-11-17'),
(29, 'Frau', 'Braun', 'C.', 'Karolinenstraße 19', '90768', 'Fürth', '0911/170134xx', 0, '1998-09-06'),
(30, 'Herr', 'Busch', 'T.', 'Cadolzburger Straße 17', '90520', 'Zirndorf', '0911/46328xx', 0, '1937-10-25'),
(31, 'Herr', 'Busch', 'Kimi', 'Jakobinenstraße 20', '90513', 'Zirndorf', '0911/470712xx', 0, '1953-09-11'),
(32, 'Herr', 'Dietrich', 'Jonas', 'Schatzhofen 13', '90443', 'Nürnberg', '0911/293560xx', 0, '1979-12-03'),
(33, 'Frau', 'Dietrich', 'Elena', 'Unterfarrnbacher Straße 5', '90443', 'Nürnberg', '', 0, '2000-03-06'),
(34, 'Herr', 'Engel', 'Yall', 'Erlanger Straße 24', '90513', 'Zirndorf', '0911/703953xx', 0, '1967-07-02'),
(35, 'Frau', 'Engel', 'Kjellrun', 'Espanstraße 9 Nürnberg', '', '', '0911/907382xx', 0, '1998-03-22'),
(36, 'Frau', 'Ernst', 'Svenja', 'Stadelner Hauptstraße 11', '90526', 'Zirndorf', '0911/275859xx', 0, '1928-03-14'),
(37, 'Herr', 'Ernst', 'Marion', 'Erlanger Straße 13', '90519', 'Zirndorf', '0911/918516xx', 0, '1987-04-29'),
(38, 'Herr', 'Fischer', 'Ben', 'Am Europakanal 18', '90768', 'Fürth', '0911/138338xx', 0, '1994-05-26'),
(39, 'Frau', 'Fischer', 'Mia', 'Kronacher Straße 6', '90531', 'Zirndorf', '0911/970398xx', 0, '1975-05-24'),
(40, 'Herr', 'Fischer', 'Leo', 'Flexdorfer Straße 16', '90443', 'Nürnberg', '0911/162904xx', 0, '1928-07-19'),
(41, 'Herr', 'Frank', 'Daniel', 'Mannhofer Straße 18', '90768', 'Fürth', '0911/528579xx', 0, '1934-04-03'),
(42, 'Frau', 'Frank', 'Sonja', 'Stadelner Hauptstraße 19', '91052', 'Erlangen', '0911/763808xx', 0, '1995-04-05'),
(43, 'Frau', 'Frank', 'Jayden', 'Erlanger Straße 10', '90522', 'Zirndorf', '0911/921238xx', 0, '1970-10-15'),
(44, 'Herr', 'Franke', 'Veit', 'Heilstättenstraße 21', '90768', 'Fürth', '0911/397243xx', 0, '1992-12-17'),
(45, 'Frau', 'Franke', 'Alva', 'Hardstraße 18', '90443', 'Nürnberg', '0911/96422xx', 0, '1962-10-17'),
(46, 'Herr', 'Franke', 'Bo', 'Neuhauser Straße 8', '90530', 'Zirndorf', '0911/603375xx', 0, '1989-03-04'),
(47, 'Herr', 'Friedrich', 'S.', 'Bahnhofplatz 4', '90532', 'Zirndorf', '0911/89009xx', 0, '1957-07-25'),
(48, 'Frau', 'Friedrich', 'Bettina', 'Soldnerstraße 24', '90443', 'Nürnberg', '0911/653153xx', 0, '1927-05-06'),
(49, 'Frau', 'Friedrich', 'Malou', 'Mannhofer Straße 6', '91052', 'Erlangen', '0911/755367xx', 0, '1951-03-27'),
(50, 'Herr', 'Fuchs', 'Björn', 'Unterfarrnbacher Straße 14', '90443', 'Nürnberg', '0911/209861xx', 0, '1993-09-19'),
(51, 'Frau', 'Fuchs', 'Stefanie', 'Am Europakanal 18', '90533', 'Zirndorf', '0911/132840xx', 0, '1964-05-09'),
(52, 'Herr', 'Fuchs', 'Paris', 'Kronacher Straße 18', '90443', 'Nürnberg', '0911/532473xx', 0, '1938-07-20'),
(53, 'Herr', 'Graf', 'Dean', 'Mannhofer Straße 11', '90443', 'Nürnberg', '0911/199088xx', 1, '1973-07-24'),
(54, 'Frau', 'Graf', 'Smilla', 'Stadelner Hauptstraße 2', '90443', 'Nürnberg', '0911/908576xx', 0, '1932-11-24'),
(55, 'Herr', 'Groß', 'Heiko', 'Kronacher Straße 24', '90768', 'Fürth', '0911/233880xx', 0, '1968-07-09'),
(56, 'Frau', 'Groß', 'Malin', 'Flexdorfer Straße 15', '90768', 'Fürth', '0911/664309xx', 0, '1984-05-12'),
(57, 'Frau', 'Groß', 'Noa', 'Bahnhofplatz 2', '91052', 'Erlangen', '0911/136822xx', 0, '2000-08-15'),
(58, 'Herr', 'Günther', 'Max', 'Herboldshofer Straße 18', '91052', 'Erlangen', '0911/620600xx', 0, '1992-08-18'),
(59, 'Frau', 'Günther', 'Nina', 'Zirndorfer Straße 22', '90526', 'Zirndorf', '', 0, '1933-05-15'),
(60, 'Herr', 'Günther', 'Jamie', 'Schatzhofen 11', '90519', 'Zirndorf', '0911/800728xx', 0, '1933-05-27'),
(61, 'Herr', 'Haas', 'Henry', 'Hardstraße 10', '90443', 'Nürnberg', '0911/622954xx', 0, '1983-05-08'),
(62, 'Frau', 'Haas', 'Elisabeth', 'Neuhauser Straße 1', '90768', 'Fürth', '0911/400137xx', 0, '1973-11-25'),
(63, 'Herr', 'Haas', 'Lou', 'Karolinenstraße 11', '91052', 'Erlangen', '0911/562968xx', 0, '1997-10-13'),
(64, 'Herr', 'Hahn', 'Raik', 'Schwabacher Straße 8', '91052', 'Erlangen', '0911/412648xx', 0, '1961-08-19'),
(65, 'Frau', 'Hahn', 'Britta', 'Poppenreuther Straße 9', '90522', 'Zirndorf', '0911/837425xx', 0, '1985-09-13'),
(66, 'Divers', 'Hahn', 'Janis', 'Herboldshofer Straße 2', '91052', 'Erlangen', '0911/876378xx', 0, '1997-05-27'),
(67, 'Herr', 'Hartmann', 'Nick', 'Karolinenstraße 4', '90443', 'Nürnberg', '0911/646662xx', 0, '1955-02-01'),
(68, 'Frau', 'Hartmann', 'Doris', 'Atzenhofer Straße 2', '90443', 'Nürnberg', '0911/682711xx', 0, '1975-02-27'),
(69, 'Frau', 'Hartmann', 'Toni', 'Würzburger Straße 13', '90768', 'Fürth', '0911/852452xx', 0, '1983-09-22'),
(70, 'Herr', 'Heinrich', 'Ragnar', 'Bahnhofplatz 18', '90443', 'Nürnberg', '0911/70394xx', 1, '1947-01-19'),
(71, 'Frau', 'Heinrich', 'Celina', 'Soldnerstraße 3', '90443', 'Nürnberg', '0911/112665xx', 0, '1975-05-05'),
(72, 'Herr', 'Heinrich', 'Yael', 'Mannhofer Straße 18', '90519', 'Zirndorf', '0911/558841xx', 0, '1963-09-04'),
(73, 'Herr', 'Hermann', 'Markus', 'Poppenreuther Straße 23', '90768', 'Fürth', '0911/783410xx', 0, '1995-12-27'),
(74, '', 'Hermann', 'Sophie', 'Herboldshofer Straße 8', '90443', 'Nürnberg', '0911/954434xx', 0, '1923-09-02'),
(75, 'Herr', 'Hermann', 'Ulli', 'Zirndorfer Straße 7', '90443', 'Nürnberg', '0911/526203xx', 0, '1960-08-22'),
(76, 'Herr', 'Hofmann', 'Sven', 'Heilstättenstraße 11', '90768', 'Fürth', '0911/873845xx', 0, '1920-11-15'),
(77, 'Herr', 'Hofmann', 'Sebastian', 'Mannhofer Straße 21', '90443', 'Nürnberg', '0911/538730xx', 0, '1964-11-23'),
(78, 'Frau', 'Hofmann', 'Anna', 'Hardstraße 16', '91052', 'Erlangen', '0911/465021xx', 1, '1998-11-23'),
(79, 'Frau', 'Hofmann', 'Solveig', 'Stadelner Hauptstraße 19', '90443', 'Nürnberg', '0911/869404xx', 0, '1997-01-08'),
(80, 'Divers', 'Hofmann', 'Sascha', 'Neuhauser Straße 5', '90527', 'Zirndorf', '0911/351154xx', 0, '2000-11-28'),
(81, 'Herr', 'Hofmann', 'Valentine', 'Erlanger Straße 25', '90768', 'Fürth', '', 0, '1939-12-17'),
(82, 'Divers', 'Horn', 'Volker', 'Heilstättenstraße 19', '90533', 'Zirndorf', '0911/379582xx', 0, '1979-09-25'),
(83, 'Frau', 'Horn', 'Maria', 'Hardstraße 24', '90443', 'Nürnberg', '0911/357526xx', 0, '1936-01-22'),
(84, 'Herr', 'Huber', 'Carsten', 'Atzenhofer Straße 11', '90522', 'Zirndorf', '0911/409457xx', 0, '1994-02-02'),
(85, 'Frau', 'Huber', 'Hermine', 'Würzburger Straße 16', '91052', 'Erlangen', '0911/735708xx', 0, '1960-09-01'),
(86, 'Frau', 'Huber', 'Shayan', 'Höfener Straße 25', '90768', 'Fürth', '0911/73206xx', 0, '1989-07-06'),
(87, 'Herr', 'Jäger', 'Helmut', 'Espanstraße 21', '90443', 'Nürnberg', '0911/519343xx', 0, '1973-04-19'),
(88, 'Frau', 'Jäger', 'Hertha', 'Heilstättenstraße 15', '90768', 'Fürth', '0911/958812xx', 0, '1985-10-09'),
(89, 'Herr', 'Jäger', 'Aiko', 'Hardstraße 14', '90514', 'Zirndorf', '0911/19827xx', 0, '1981-05-19'),
(90, 'Herr', 'Jung', 'Ulf', 'Kronacher Straße 1', '90528', 'Zirndorf', '0911/455494xx', 0, '1952-02-18'),
(91, 'Divers', 'Jung', 'Lilith', 'Flexdorfer Straße 3', '90521', 'Zirndorf', '0911/756626xx', 0, '1930-07-02'),
(92, 'Frau', 'Jung', 'Jona', 'Bahnhofplatz 25', '90514', 'Zirndorf', '0911/150900xx', 1, '1937-03-14'),
(93, 'Herr', 'Kaiser', 'Tjark', 'Stadelner Hauptstraße 2', '90523', 'Zirndorf', '0911/909669xx', 0, '1970-05-19'),
(94, 'Frau', 'Kaiser', 'Stella', 'Erlanger Straße 4', '90768', 'Fürth', '0911/526083xx', 0, '1968-01-22'),
(95, 'Frau', 'Kaiser', 'Felice', 'Espanstraße 12', '90443', 'Nürnberg', '0911/397547xx', 0, '1939-04-30'),
(96, 'Divers', 'Kaya', 'Malte', '', '90443', 'Nürnberg', '0911/95180xx', 0, '1999-11-20'),
(97, 'Frau', 'Kaya', 'Hildegard', 'Unterfarrnbacher Straße 5', '90443', 'Nürnberg', '0911/213213xx', 0, '1936-03-25'),
(98, 'Herr', 'Kaya', 'Jael', 'Am Europakanal 14', '90768', 'Fürth', '0911/407075xx', 0, '1937-05-07'),
(99, 'Herr', 'Keller', 'Claas', 'Herzogenauracher Straße 12', '90530', 'Zirndorf', '0911/835780xx', 0, '1978-02-24'),
(100, 'Frau', 'Keller', 'Virginia', 'Cadolzburger Straße 7', '90523', 'Zirndorf', '0911/462573xx', 0, '1967-01-10'),
(101, 'Herr', 'Keller', 'Anouk', 'Jakobinenstraße 13', '90768', 'Fürth', '0911/320322xx', 0, '1964-11-12'),
(102, 'Herr', 'Klein', 'Mats', 'Stadelner Hauptstraße 25', '90768', 'Fürth', '', 0, '1932-06-08'),
(103, 'Frau', 'Klein', 'Ruth', 'Erlanger Straße 11', '90768', 'Fürth', '0911/295798xx', 0, '1965-06-22'),
(104, 'Divers', 'Klein', 'Kim', 'Espanstraße 8', '90768', 'Fürth', '0911/372155xx', 0, '1921-04-13'),
(105, 'Herr', 'Koch', '', 'Zirndorfer Straße 2', '90768', 'Fürth', '0911/316014xx', 0, '1946-08-03'),
(106, 'Frau', 'Koch', 'Daniela', 'Schatzhofen 4', '90429', 'Nürnberg', '0911/169320xx', 0, '1964-07-01'),
(107, 'Herr', 'Koch', 'Lynn', 'Unterfarrnbacher Straße 23', '91052', 'Erlangen', '0911/354901xx', 0, '1976-09-16'),
(108, 'Herr', 'Köhler', 'David', 'Heilstättenstraße 2', '90514', 'Zirndorf', '0911/459110xx', 0, '1987-06-06'),
(109, 'Frau', 'Köhler', 'Helga', 'Hardstraße 15', '90443', 'Nürnberg', '0911/609660xx', 0, '1989-01-04'),
(110, 'Frau', 'Köhler', 'Ryan', 'Neuhauser Straße 23', '90443', 'Nürnberg', '0911/993143xx', 0, '1930-08-24'),
(111, 'Herr', 'König', 'Jörg', '', '', '', '0911/900799xx', 0, '1972-11-26'),
(112, 'Frau', 'König', 'Sophia', 'Jakobinenstraße 8', '90443', 'Nürnberg', '0911/998933xx', 0, '1920-05-06'),
(113, 'Herr', 'König', 'Raven', 'Nürnberger Straße 16', '90443', 'Nürnberg', '0911/367514xx', 0, '1985-05-15'),
(114, 'Herr', 'Kowalski', 'Edgar', 'Poppenreuther Straße 14', '90519', 'Zirndorf', '0911/119647xx', 1, '1972-07-18'),
(115, 'Frau', 'Kowalski', 'Noah', 'Herboldshofer Straße 15', '90443', 'Nürnberg', '0911/442327xx', 0, '1998-05-09'),
(116, 'Herr', 'Krämer', 'Hendrik', 'Stadelner Hauptstraße 19', '90768', 'Fürth', '0911/514664xx', 0, '1990-05-07'),
(117, 'Frau', 'Krämer', 'Hedwig', 'Erlanger Straße 12', '90768', 'Fürth', '0911/843742xx', 0, '1922-12-15'),
(118, 'Herr', 'Krämer', 'Adi', 'Espanstraße 2', '90443', 'Nürnberg', '0911/230157xx', 0, '1934-10-01'),
(119, 'Herr', 'Kraus', 'Damian', 'Zirndorfer Straße 5 Fürth', '', '', '0911/671421xx', 0, '1931-07-24'),
(120, 'Frau', 'Kraus', 'Sigrun', 'Schatzhofen 13 90443 Nürnberg', '', '', '', 0, '1993-08-22'),
(121, '', 'Kraus', 'Marley', 'Unterfarrnbacher Straße 3', '90528', 'Zirndorf', '0911/619928xx', 0, '1927-06-05'),
(122, 'Herr', 'Krause', 'Piet', 'Kapellenstraße 9', '90768', 'Fürth', '0911/869197xx', 0, '1928-12-21'),
(123, 'Frau', 'Krause', 'Hella', 'Regelsbacher Straße 9', '90768', 'Fürth', '0911/798344xx', 0, '1963-01-24'),
(124, 'Herr', 'Krause', 'Amar', 'Vacher Straße 12', '90768', 'Fürth', '0911/662637xx', 0, '1993-10-04'),
(125, 'Herr', 'Krüger ', '', 'Herzogenauracher Straße 8', '90443', 'Nürnberg', '0911/704079xx', 0, '1966-08-26'),
(126, 'Frau', 'Krüger ', 'Selma', 'Cadolzburger Straße 1', '90768', 'Fürth', '0911/539843xx', 0, '1998-07-04'),
(127, 'Frau', 'Krüger ', 'Robin', 'Jakobinenstraße 11', '90768', 'Fürth', '0911/677624xx', 0, '1942-07-28'),
(128, 'Herr', 'Kuhn', 'Linus', 'Vacher Straße 20', '91052', 'Erlangen', '0911/475669xx', 0, '1964-04-13'),
(129, 'Frau', 'Kuhn', 'Dana', 'Schwabacher Straße 5', '90768', 'Fürth', '0911/782380xx', 0, '1978-08-24'),
(130, 'Herr', 'Kühn', 'Samuel', 'Am Europakanal 5', '90514', 'Zirndorf', '0911/233116xx', 0, '1939-04-18'),
(131, 'Herr', 'Kühn', 'Luca', 'Kronacher Straße 15', '90443', 'Nürnberg', '0911/310385xx', 0, '1970-05-01'),
(132, 'Herr', 'Lang', 'Josef', 'Espanstraße 9', '90527', 'Zirndorf', '0911/842263xx', 0, '1988-09-04'),
(133, 'Frau', 'Lang', 'Gerda', 'Heilstättenstraße 2', '90520', 'Zirndorf', '0911/131367xx', 0, '1958-01-23'),
(134, 'Frau', 'Lang', 'Phoenix', 'Hardstraße 4', '90513', 'Zirndorf', '0911/967717xx', 0, '1984-09-14'),
(135, 'Herr', 'Lange', 'Kjell', 'Jakobinenstraße 23', '90443', 'Nürnberg', '0911/357159xx', 0, '1968-03-27'),
(136, 'Frau', 'Lange', 'Björk', 'Nürnberger Straße 18', '90768', 'Fürth', '0911/256585xx', 0, '1976-03-15'),
(137, 'Frau', 'Lange', 'Vivian', 'Kapellenstraße 16', '90768', 'Fürth', '0911/424685xx', 0, '1981-08-31'),
(138, 'Herr', 'Lehmann', 'Keno', 'Mühltalstraße 12', '90513', 'Zirndorf', '0911/409989xx', 0, '1993-11-16'),
(139, 'Frau', 'Lehmann', 'Silvia', 'Herzogenauracher Straße 11', '90443', 'Nürnberg', '0911/524714xx', 0, '1953-02-28'),
(140, 'Frau', 'Lehmann', 'Jonah', 'Cadolzburger Straße 17', '90443', 'Nürnberg', '', 0, '1978-03-12'),
(141, 'Herr', 'Lorenz', 'Sean', 'Erlanger Straße 14', '90429', 'Nürnberg', '0911/307174xx', 0, '1999-12-01'),
(142, 'Frau', 'Lorenz', 'Gudrun', 'Espanstraße 15', '91052', 'Erlangen', '0911/694913xx', 0, '1939-05-14'),
(143, 'Frau', 'Lorenz', 'Anil', 'Heilstättenstraße 15', '90526', 'Zirndorf', '0911/993506xx', 1, '1980-11-13'),
(144, 'Herr', 'Ludwig', 'Svend', '', '90768', 'Fürth', '0911/483941xx', 0, '1962-06-08'),
(145, 'Frau', 'Ludwig', 'Verena', 'Herzogenauracher Straße 25', '90768', 'Fürth', '0911/861193xx', 0, '1921-11-30'),
(146, 'Herr', 'Ludwig', 'Kaya', 'Cadolzburger Straße 7', '91052', 'Erlangen', '0911/795574xx', 0, '1998-10-18'),
(147, 'Herr', 'Maier', 'Richard', 'Flexdorfer Straße 18', '91052', 'Erlangen', '0911/53271xx', 0, '1972-03-12'),
(148, 'Frau', 'Maier', 'Sarah', 'Bahnhofplatz 11', '90768', 'Fürth', '0911/38730xx', 0, '1970-11-23'),
(149, 'Herr', 'Maier', 'Blair', 'Soldnerstraße 10', '90768', 'Fürth', '0911/812988xx', 0, '1970-11-03'),
(150, 'Herr', 'Martin', 'Heinz', 'Höfener Straße 16', '90443', 'Nürnberg', '0911/373114xx', 0, '1927-02-20'),
(151, 'Frau', 'Martin', 'Luna', 'Mühltalstraße 19', '90768', 'Fürth', '0911/866307xx', 0, '1950-08-15'),
(152, 'Divers', 'Martin', 'Alex', 'Herzogenauracher Straße 24', '90513', 'Zirndorf', '0911/128222xx', 0, '1920-09-29'),
(153, 'Herr', 'Mayer', 'Elmar', 'Neuhauser Straße 9', '91052', 'Erlangen', '0911/361523xx', 0, '1995-02-24'),
(154, 'Frau', 'Mayer', 'Selina', 'Karolinenstraße 12', '90443', 'Nürnberg', '0911/673092xx', 0, '1935-08-24'),
(155, 'Frau', 'Mayer', 'Dilan', 'Atzenhofer Straße 13', '90443', 'Nürnberg', '0911/914681xx', 0, '1980-09-05'),
(156, 'Herr', 'Meier', 'Dirk', 'Erlanger Straße 5', '90443', 'Nürnberg', '0911/654359xx', 0, '1996-10-03'),
(157, 'Frau', 'Meier', 'Okka', 'Espanstraße 19', '90443', 'Nürnberg', '0911/537310xx', 0, '1921-02-20'),
(158, 'Frau', 'Meier', 'Sina', 'Heilstättenstraße 23', '90768', 'Fürth', '0911/986904xx', 0, '1996-11-20'),
(159, 'Herr', 'Meyer', 'Sören', 'Vacher Straße 1', '90768', 'Fürth', '0911/383491xx', 0, '1934-11-21'),
(160, 'Frau', 'Meyer', 'Eva', 'Schwabacher Straße 23', '90532', 'Zirndorf', '0911/420890xx', 0, '1978-08-22'),
(161, 'Frau', 'Meyer', 'Sam', 'Poppenreuther Straße 8', '90443', 'Nürnberg', '0911/79753xx', 0, '1920-02-29'),
(162, 'Herr', 'Möller', 'Simon', 'Nürnberger Straße 4', '90521', 'Zirndorf', '0911/893263xx', 0, '1924-09-10'),
(163, 'Frau', 'Möller', 'Herdis', 'Kapellenstraße 18', '90514', 'Zirndorf', '', 0, '1963-09-26'),
(164, 'Herr', 'Möller', 'Lio', 'Regelsbacher Straße 6', '90443', 'Nürnberg', '0911/344651xx', 0, '1950-11-09'),
(165, 'Herr', 'Neumann', 'Hauke', 'Espanstraße 24 90768 Fürth', '', '', '0911/332049xx', 0, '1940-12-11'),
(166, 'Frau', 'Neumann', 'Svea', 'Heilstättenstraße 10', '90768', 'Fürth', '0911/524390xx', 0, '1939-05-27'),
(167, 'Herr', 'Neumann', 'Mika', 'Hardstraße 25', '90429', 'Nürnberg', '0911/158699xx', 0, '1995-05-16'),
(168, 'Herr', 'Nguyen', 'Thomas', 'Cadolzburger Straße 24', '90768', 'Fürth', '0911/144038xx', 0, '1963-12-01'),
(169, 'Frau', 'Nguyen', 'Lana', 'Jakobinenstraße 16', '90443', 'Nürnberg', '0911/199699xx', 0, '1935-09-24'),
(170, 'Frau', 'Nguyen', 'Gwyn', 'Nürnberger Straße 12', '90530', 'Zirndorf', '0911/918524xx', 0, '1950-05-16'),
(171, 'Herr', 'Noack', 'Silas', 'Flexdorfer Straße 10', '90768', 'Fürth', '0911/609598xx', 0, '1967-04-26'),
(172, 'Frau', 'Noack', 'Ava', 'Bahnhofplatz 18', '90768', 'Fürth', '0911/244749xx', 0, '1921-05-16'),
(173, 'Frau', 'Noack', 'Eren', 'Soldnerstraße 16', '90531', 'Zirndorf', '0911/108052xx', 0, '1958-09-29'),
(174, 'Herr', 'Nowak', 'Lasse', 'Regelsbacher Straße 22', '90768', 'Fürth', '0911/155750xx', 0, '1961-12-04'),
(175, 'Frau', 'Nowak', 'Ilka', 'Vacher Straße 14', '90768', 'Fürth', '0911/726150xx', 0, '1944-03-18'),
(176, 'Frau', 'Nowak', 'Neo', 'Schwabacher Straße 17', '90768', 'Fürth', '0911/985539xx', 0, '1938-12-16'),
(177, 'Herr', 'Otto', 'Arne', 'Atzenhofer Straße 10', '90768', 'Fürth', '0911/361552xx', 0, '1933-10-12'),
(178, 'Frau', 'Otto', 'Juna', 'Würzburger Straße 1', '90768', 'Fürth', '0911/886475xx', 0, '1945-04-22'),
(179, 'Herr', 'Otto', 'Marian', 'Höfener Straße 20', '90530', 'Zirndorf', '0911/2690xx', 0, '1953-12-16'),
(180, 'Herr', 'Peters', 'Sönke', 'Zirndorfer Straße 20', '90520', 'Zirndorf', '0911/257983xx', 0, '1979-07-03'),
(181, 'Frau', 'Peters', 'Ylva', 'Schatzhofen 17', '90513', 'Zirndorf', '0911/802843xx', 0, '1937-12-13'),
(182, 'Divers', 'Peters', 'Aidan', 'Unterfarrnbacher Straße 4', '90443', 'Nürnberg', '0911/558801xx', 0, '1974-12-02'),
(183, 'Frau', 'Pfeffer', 'Linda', 'Nürnberger Straße 21', '90443', 'Nürnberg', '0911/676557xx', 0, '1947-11-16'),
(184, 'Frau', 'Pfeffer', 'Rory', 'Kapellenstraße 4', '90533', 'Zirndorf', '0911/223233xx', 0, '1922-11-04'),
(185, 'Herr', 'Pietsch', 'Len', 'Kapellenstraße 19', '90443', 'Nürnberg', '0911/567522xx', 0, '1951-04-03'),
(186, 'Frau', 'Pietsch', 'Ingvild', 'Regelsbacher Straße 2', '90443', 'Nürnberg', '0911/875181xx', 0, '1968-04-07'),
(187, 'Herr', 'Pohl', 'Steven', 'Mühltalstraße 19', '90768', 'Fürth', '0911/878141xx', 0, '1991-06-22'),
(188, 'Herr', 'Pohl', 'Fiete', 'Herzogenauracher Straße 10', '90443', 'Nürnberg', '0911/253693xx', 0, '1939-06-16'),
(189, 'Herr', 'Richter', 'Levin', 'Atzenhofer Straße 25', '90768', 'Fürth', '0911/920916xx', 0, '1982-01-11'),
(190, 'Divers', 'Richter', 'Anne', 'Würzburger Straße 15', '90768', 'Fürth', '0911/85527xx', 0, '1928-12-26'),
(191, 'Frau', 'Richter', 'Bente', 'Höfener Straße 23', '90768', 'Fürth', '0911/712726xx', 0, '1987-03-23'),
(192, 'Herr', 'Roth', 'Hagen', 'Schatzhofen 4', '90443', 'Nürnberg', '0911/326291xx', 0, '1983-06-23'),
(193, 'Frau', 'Roth', 'Judith', 'Unterfarrnbacher Straße 9', '90530', 'Zirndorf', '0911/62868xx', 0, '1962-07-28'),
(194, 'Frau', 'Roth', 'Gabriele', 'Am Europakanal 22', '90523', 'Zirndorf', '', 0, '1925-07-30'),
(195, '', 'Sauer', 'Julia', 'Soldnerstraße 24', '90522', 'Zirndorf', '0911/467786xx', 0, '1935-05-27'),
(196, 'Herr', 'Sauer', 'Andrea', 'Mannhofer Straße 14', '91052', 'Erlangen', '0911/475805xx', 0, '1992-06-03'),
(197, 'Herr', 'Schäfer', 'Lukas', 'Soldnerstraße 13', '90768', 'Fürth', '0911/472403xx', 0, '1948-11-09'),
(198, 'Frau', 'Schäfer', 'Lennja', 'Mannhofer Straße 21', '90768', 'Fürth', '0911/103804xx', 0, '1993-07-10'),
(199, 'Herr', 'Schäfer', 'Merle', 'Stadelner Hauptstraße 13', '90532', 'Zirndorf', '0911/331387xx', 0, '1970-07-17'),
(200, 'Herr', 'Schmid', 'Jasper', 'Am Europakanal 18', '90443', 'Nürnberg', '0911/158685xx', 0, '1944-04-08'),
(201, 'Frau', 'Schmid', 'Saskia', 'Kronacher Straße 19', '90443', 'Nürnberg', '0911/403222xx', 0, '1938-11-18'),
(202, 'Divers', 'Schmid', 'Vada', 'Flexdorfer Straße 10', '90768', 'Fürth', '', 0, '1996-08-21'),
(203, 'Herr', 'Schmidt', 'Fynn', 'Kapellenstraße 10', '90768', 'Fürth', '0911/765250xx', 0, '1976-11-23'),
(204, 'Frau', 'Schmidt', 'Ida', 'Regelsbacher Straße 25', '90528', 'Zirndorf', '0911/904028xx', 0, '1983-02-06'),
(205, 'Frau', 'Schmidt', 'Shane', 'Vacher Straße 24', '90521', 'Zirndorf', '0911/110817xx', 0, '1984-08-21'),
(206, 'Herr', 'Schmitt', 'Uwe', 'Herboldshofer Straße 14', '90443', 'Nürnberg', '0911/242201xx', 0, '1952-12-08'),
(207, 'Frau', 'Schmitt', 'Silke', 'Zirndorfer Straße 9', '90768', 'Fürth', '0911/768675xx', 0, '1969-01-18'),
(208, 'Herr', 'Schmitt', 'Eske', 'Schatzhofen 14', '90768', 'Fürth', '0911/830979xx', 0, '1986-12-09'),
(209, 'Herr', 'Schmitz', 'Thor', 'Schwabacher Straße 4', '90443', 'Nürnberg', '0911/712155xx', 0, '1969-12-22'),
(210, 'Frau', 'Schmitz', 'Sabine', 'Poppenreuther Straße 22', '90768', 'Fürth', '0911/734058xx', 0, '1981-07-02'),
(211, 'Herr', 'Schmitz', 'Tomke', 'Herboldshofer Straße 10', '90768', 'Fürth', '0911/363961xx', 0, '1996-10-29'),
(212, 'Herr', 'Schneider', 'Nils', 'Erlanger Straße 2', '90443', 'Nürnberg', '0911/807545xx', 0, '1974-09-26'),
(213, 'Frau', 'Schneider', 'Lara', 'Espanstraße 4', '90530', 'Zirndorf', '0911/254311xx', 0, '1954-07-03'),
(214, 'Herr', 'Schneider', 'Severin', 'Heilstättenstraße 9', '90523', 'Zirndorf', '0911/947345xx', 0, '1971-09-24'),
(215, 'Herr', 'Scholz', 'Frank', 'Regelsbacher Straße 5', '90443', 'Nürnberg', '', 0, '1974-01-17'),
(216, 'Frau', 'Scholz', 'Hayet', 'Vacher Straße 20', '91052', 'Erlangen', '0911/312177xx', 0, '1982-05-02'),
(217, 'Herr', 'Scholz', 'Courtney', 'Schwabacher Straße 2', '90443', 'Nürnberg', '0911/522459xx', 0, '1928-03-07'),
(218, 'Herr', 'Schreiber', 'Hermann', 'Jakobinenstraße 12', '90443', 'Nürnberg', '0911/654002xx', 0, '1982-12-29'),
(219, 'Frau', 'Schreiber', 'Sandra', 'Nürnberger Straße 3', '90443', 'Nürnberg', '0911/184168xx', 0, '1964-01-10'),
(220, 'Frau', 'Schreiber', 'Hermine', 'Schatzhofen 9', '90521', 'Zirndorf', '0911/858658xx', 0, '1940-09-27'),
(221, 'Herr', 'Schröder', 'Aaron', 'Unterfarrnbacher Straße 2', '90768', 'Fürth', '0911/616077xx', 0, '1999-06-22'),
(222, 'Frau', 'Schröder', 'Michaela', 'Am Europakanal 5', '90768', 'Fürth', '0911/984460xx', 0, '1946-03-26'),
(223, 'Herr', 'Schröder', 'Noel', 'Kronacher Straße 25', '90443', 'Nürnberg', '0911/995480xx', 0, '1929-12-26'),
(224, 'Herr', 'Schubert', 'Hannes', 'Jakobinenstraße 15', '91052', 'Erlangen', '0911/516720xx', 0, '1965-09-14'),
(225, 'Frau', 'Schubert', 'Annika', 'Nürnberger Straße 21', '90527', 'Zirndorf', '0911/273966xx', 0, '1934-03-13'),
(226, 'Herr', 'Schubert', 'Nika', 'Kapellenstraße 16', '90520', 'Zirndorf', '0911/809253xx', 0, '1949-12-06'),
(227, 'Herr', 'Schuhmacher', 'Holger', 'Soldnerstraße 21', '90768', 'Fürth', '0911/162393xx', 0, '1966-11-05'),
(228, 'Frau', 'Schuhmacher', 'Heather', 'Mannhofer Straße 25', '90768', 'Fürth', '0911/988308xx', 0, '1955-11-27'),
(229, 'Frau', 'Schuhmacher', 'Ari', 'Stadelner Hauptstraße 25', '90527', 'Zirndorf', '0911/310315xx', 0, '1958-03-22'),
(230, 'Herr', 'Schulte', 'Leander', 'Karolinenstraße 10', '90768', 'Fürth', '0911/440933xx', 0, '1959-07-07'),
(231, '', 'Schulte', 'Kira', 'Atzenhofer Straße 24', '90768', 'Fürth', '0911/665634xx', 0, '1978-12-07'),
(232, 'Herr', 'Schulz', 'Torsten', 'Neuhauser Straße 3', '90768', 'Fürth', '0911/416967xx', 0, '1950-02-06'),
(233, 'Frau', 'Schulz', 'Katharina', 'Karolinenstraße 7', '90768', 'Fürth', '0911/143291xx', 0, '1956-05-14'),
(234, 'Herr', 'Schulz', 'Yuma', 'Atzenhofer Straße 22', '90531', 'Zirndorf', '0911/487190xx', 0, '1921-05-10'),
(235, 'Herr', 'Schulze', 'Martin', '', '90443', 'Nürnberg', '0911/741144xx', 0, '1959-11-19'),
(236, 'Frau', 'Schulze', 'Heidi', 'Schwabacher Straße 10', '90443', 'Nürnberg', '0911/980076xx', 1, '1942-01-05'),
(237, 'Herr', 'Schulze', 'Tyler', 'Poppenreuther Straße 13', '90443', 'Nürnberg', '0911/84639xx', 0, '1943-05-04'),
(238, 'Herr', 'Schuster', 'Lennart', 'Neuhauser Straße 10', '90768', 'Fürth', '0911/266587xx', 0, '1975-07-27'),
(239, 'Frau', 'Schuster', 'Lotta', 'Karolinenstraße 19', '90768', 'Fürth', '0911/843363xx', 0, '1927-07-28'),
(240, 'Herr', 'Schuster', 'Lilian', 'Atzenhofer Straße 15', '91052', 'Erlangen', '', 0, '1991-01-19'),
(241, 'Herr', 'Schwarz', 'Karl', 'Kronacher Straße 1', '90443', 'Nürnberg', '0911/312720xx', 0, '1976-05-04'),
(242, 'Frau', 'Schwarz', 'Jördis', 'Flexdorfer Straße 15', '90768', 'Fürth', '0911/425073xx', 0, '1921-07-27'),
(243, 'Herr', 'Schwarz', 'Keke', 'Bahnhofplatz 25 90768 Fürth', '90429', 'Nürnberg', '0911/468470xx', 0, '1954-08-10'),
(244, 'Herr', 'Seidel', 'Heinrich', 'Herboldshofer Straße 3', '90443', 'Nürnberg', '0911/676865xx', 0, '1977-01-07'),
(245, 'Frau', 'Seidel', 'Femke', 'Zirndorfer Straße 13', '90443', 'Nürnberg', '0911/47815xx', 0, '1929-08-06'),
(246, 'Frau', 'Seidel', 'Luka', 'Schatzhofen 4', '90520', 'Zirndorf', '0911/348761xx', 0, '1939-04-03'),
(247, 'Herr', 'Simon', 'Henning', 'Poppenreuther Straße 11', '90768', 'Fürth', '0911/904012xx', 0, '1969-05-28'),
(248, 'Frau', 'Simon', 'Lena', 'Herboldshofer Straße 16', '90768', 'Fürth', '0911/579054xx', 0, '1991-04-05'),
(249, 'Frau', 'Simon', 'Mio', 'Zirndorfer Straße 2', '90532', 'Zirndorf', '0911/332326xx', 0, '1990-10-01'),
(250, 'Herr', 'Sommer', 'Hamish', 'Schwabacher Straße 2', '90443', 'Nürnberg', '0911/781250xx', 0, '1977-11-13'),
(251, 'Frau', 'Sommer', 'Leni', 'Poppenreuther Straße 10', '90768', 'Fürth', '0911/592879xx', 0, '1950-09-22'),
(252, 'Frau', 'Sommer', 'Noe', 'Herboldshofer Straße 13', '90768', 'Fürth', '0911/803664xx', 0, '1951-07-06'),
(253, 'Herr', 'Stein', 'Henrik', '', '', '', '0911/849472xx', 0, '1960-06-16'),
(254, 'Frau', 'Stein', 'Karin', 'Am Europakanal 22', '90768', 'Fürth', '0911/233829xx', 0, '1995-01-02'),
(255, 'Frau', 'Stein', 'Emlyn', 'Kronacher Straße 16', '90443', 'Nürnberg', '0911/589248xx', 0, '1928-01-05'),
(256, 'Herr', 'Thomas', 'Dennis', 'Flexdorfer Straße 18', '91052', 'Erlangen', '0911/306601xx', 0, '1946-07-07'),
(257, 'Divers', 'Thomas', 'Finn', 'Bahnhofplatz 2', '90443', 'Nürnberg', '0911/379152xx', 0, '1936-05-11'),
(258, 'Herr', 'Vogel', 'Lennard', 'Hardstraße 13', '90531', 'Zirndorf', '0911/712588xx', 0, '1975-07-09'),
(259, 'Frau', 'Vogel', 'Heidrun', 'Neuhauser Straße 7', '90443', 'Nürnberg', '0911/679675xx', 0, '1972-11-04'),
(260, 'Frau', 'Vogel', 'Janne', 'Karolinenstraße 8', '90533', 'Zirndorf', '0911/980538xx', 0, '1997-02-21'),
(261, 'Herr', 'Vogt', 'Arian', 'Regelsbacher Straße 21', '90443', 'Nürnberg', '0911/971150xx', 0, '1996-03-19'),
(262, 'Frau', 'Vogt', 'Emilia', 'Vacher Straße 25', '90768', 'Fürth', '0911/187697xx', 0, '1999-01-04'),
(263, 'Frau', 'Vogt', 'Jin', 'Schwabacher Straße 19', '90443', 'Nürnberg', '0911/127096xx', 0, '1982-09-04'),
(264, 'Frau', 'Voigt', 'Leonie', 'Atzenhofer Straße 19', '90443', 'Nürnberg', '', 0, '1977-04-16'),
(265, 'Divers', 'Voigt', '', 'Würzburger Straße 16', '91052', 'Erlangen', '0911/931212xx', 0, '1923-07-16'),
(266, 'Herr', 'Wagner', 'Jan', 'Flexdorfer Straße 9', '90768', 'Fürth', '0911/253686xx', 0, '1958-04-10'),
(267, 'Frau', 'Wagner', 'Zoe', 'Bahnhofplatz 25', '90768', 'Fürth', '0911/693292xx', 0, '1971-12-23'),
(268, 'Herr', 'Wagner', 'Dylan', 'Soldnerstraße 22', '', '', '0911/148021xx', 0, '1987-02-17'),
(269, 'Herr', 'Walter', 'Calvin', 'Soldnerstraße 11', '90519', 'Zirndorf', '0911/537218xx', 0, '1956-08-08'),
(270, 'Frau', 'Walter', 'Hanna', 'Mannhofer Straße 24', '90443', 'Nürnberg', '0911/214670xx', 1, '1962-03-06'),
(271, 'Frau', 'Walter', 'Ran', 'Stadelner Hauptstraße 14', '90443', 'Nürnberg', '0911/297839xx', 0, '1989-09-03'),
(272, 'Herr', 'Weber', 'Alexander', '', '', '', '0911/351613xx', 0, '1995-01-02'),
(273, 'Frau', 'Weber', 'Carolin', 'Herzogenauracher Straße 22', '91052', 'Erlangen', '0911/252263xx', 0, '1949-01-10'),
(274, 'Frau', 'Weber', 'Elisa', 'Cadolzburger Straße 10', '90526', 'Zirndorf', '0911/23732xx', 0, '1948-07-08'),
(275, 'Herr', 'Weiss', 'Rasmus', 'Höfener Straße 12', '90526', 'Zirndorf', '0911/137973xx', 0, '1930-09-21'),
(276, 'Frau', 'Weiss', 'Helene', '', '90519', 'Zirndorf', '0911/805155xx', 0, '1959-10-02'),
(277, 'Herr', 'Weiss', 'Patrice', 'Herzogenauracher Straße 19', '90443', 'Nürnberg', '0911/779278xx', 0, '1982-01-07'),
(278, 'Herr', 'Werner', '', 'Würzburger Straße 5', '90443', 'Nürnberg', '0911/42469xx', 0, '1960-03-20'),
(279, 'Frau', 'Werner', 'Gesine', 'Höfener Straße 25', '90443', 'Nürnberg', '0911/623788xx', 0, '1979-09-19'),
(280, 'Frau', 'Werner', 'Jill', 'Mühltalstraße 15', '90768', 'Fürth', '0911/65815xx', 0, '1974-06-30'),
(281, 'Herr', 'Winkler', 'Henri', 'Würzburger Straße 9', '90768', 'Fürth', '0911/523909xx', 0, '1939-06-11'),
(282, 'Frau', 'Winkler', 'Amy', 'Höfener Straße 24', '90532', 'Zirndorf', '0911/187791xx', 0, '1999-05-10'),
(283, 'Herr', 'Winkler', 'Eike', 'Mühltalstraße 17', '90443', 'Nürnberg', '0911/239091xx', 0, '1927-07-03'),
(284, 'Herr', 'Winter', 'Ingvar', 'Nürnberger Straße 23', '90768', 'Fürth', '0911/349576xx', 0, '1965-01-12'),
(285, 'Frau', 'Winter', 'Hailey', 'Kapellenstraße 6', '90768', 'Fürth', '', 0, '1929-11-21'),
(286, 'Herr', 'Winter', 'Blake', 'Regelsbacher Straße 21', '91052', 'Erlangen', '0911/930343xx', 0, '1973-11-14'),
(287, 'Herr', 'Wolf', 'Benjamin', 'Höfener Straße 19', '90768', 'Fürth', '0911/348908xx', 0, '1925-07-16'),
(288, 'Frau', 'Wolf', 'Inge', 'Mühltalstraße 2', '90768', 'Fürth', '0911/159327xx', 0, '1934-03-10'),
(289, 'Frau', 'Wolf', 'Nino', 'Herzogenauracher Straße 2', '90768', 'Fürth', '0911/924336xx', 0, '1977-04-24'),
(290, 'Herr', 'Wolff', 'Kai', 'Karolinenstraße 4', '90514', 'Zirndorf', '0911/806799xx', 0, '1996-10-21'),
(291, 'Frau', 'Yilmaz', 'Finja', 'Unterfarrnbacher Straße 12', '90527', 'Zirndorf', '0911/408024xx', 0, '1947-05-18'),
(292, 'Frau', 'Yilmaz', 'Skye', 'Am Europakanal 11', '90520', 'Zirndorf', '0911/976544xx', 0, '1922-02-17'),
(293, 'Herr', 'Y?lmaz', 'Paul', 'Würzburger Straße 20', '90768', 'Fürth', '0911/72092xx', 0, '1956-11-23'),
(294, 'Frau', 'Y?lmaz', 'Nele', 'Höfener Straße 13', '91052', 'Erlangen', '0911/441919xx', 0, '1953-12-19'),
(295, 'Herr', 'Y?lmaz', 'H.', 'Mühltalstraße 19', '90522', 'Zirndorf', '0911/348286xx', 0, '1943-01-17'),
(296, 'Herr', 'Ziegler', 'Bjarne', 'Würzburger Straße 23', '90443', 'Nürnberg', '0911/21661xx', 0, '1992-02-02'),
(297, 'Frau', 'Ziegler', 'Jana', 'Höfener Straße 3', '90443', 'Nürnberg', '0911/393567xx', 0, '1990-08-04'),
(298, 'Herr', 'Zimmermann', 'Oliver', 'Bahnhofplatz 9', '90443', 'Nürnberg', '0911/194904xx', 0, '1997-04-08'),
(299, 'Frau', 'Zimmermann', 'Greta', 'Soldnerstraße 9', '90768', 'Fürth', '0911/884388xx', 0, '1942-08-27'),
(300, 'Divers', 'Zimmermann', 'Vivien', 'Mannhofer Straße 24', '90768', 'Fürth', '0911/542281xx', 0, '1948-02-11');

--
-- Indizes der exportierten Tabellen
--

--
-- Indizes für die Tabelle `tblauftraege`
--
ALTER TABLE `tblauftraege`
  ADD PRIMARY KEY (`AuftragsNr`),
  ADD KEY `tblFahrzeuge_FahrzeugID` (`tblFahrzeuge_FahrzeugID`),
  ADD KEY `tblFahrzeuge_FahrzeugID_2` (`tblFahrzeuge_FahrzeugID`),
  ADD KEY `tblKunden_KundenID` (`tblKunden_KundenID`);

--
-- Indizes für die Tabelle `tblfahrzeuge`
--
ALTER TABLE `tblfahrzeuge`
  ADD PRIMARY KEY (`FahrzeugID`);

--
-- Indizes für die Tabelle `tblkunden`
--
ALTER TABLE `tblkunden`
  ADD PRIMARY KEY (`KundenID`);

--
-- AUTO_INCREMENT für exportierte Tabellen
--

--
-- AUTO_INCREMENT für Tabelle `tblauftraege`
--
ALTER TABLE `tblauftraege`
  MODIFY `AuftragsNr` int(11) NOT NULL AUTO_INCREMENT, AUTO_INCREMENT=708;

--
-- AUTO_INCREMENT für Tabelle `tblfahrzeuge`
--
ALTER TABLE `tblfahrzeuge`
  MODIFY `FahrzeugID` int(11) NOT NULL AUTO_INCREMENT, AUTO_INCREMENT=301;

--
-- Constraints der exportierten Tabellen
--

--
-- Constraints der Tabelle `tblauftraege`
--
ALTER TABLE `tblauftraege`
  ADD CONSTRAINT `fk_tblauftraege_tblFahrzeuge` FOREIGN KEY (`tblFahrzeuge_FahrzeugID`) REFERENCES `tblfahrzeuge` (`FahrzeugID`) ON DELETE SET NULL ON UPDATE CASCADE,
  ADD CONSTRAINT `fk_tblauftraege_tblKunden` FOREIGN KEY (`tblKunden_KundenID`) REFERENCES `tblkunden` (`KundenID`) ON DELETE SET NULL ON UPDATE CASCADE;
COMMIT;

/*!40101 SET CHARACTER_SET_CLIENT=@OLD_CHARACTER_SET_CLIENT */;
/*!40101 SET CHARACTER_SET_RESULTS=@OLD_CHARACTER_SET_RESULTS */;
/*!40101 SET COLLATION_CONNECTION=@OLD_COLLATION_CONNECTION */;
